company,website,outcome,report_year,scope1,scope2_market,scope2_location,scope1_2_combined,note,source_urls,files
24 HOUR FITNESS,https://www.24hourfitness.com/,none,,,,,,"Site unreachable at collection time: homepage returned HTTP 504 Gateway Time-out on two attempts (curl, direct and /company/newsroom/about_us). Map served ~661 cached URLs but no live scrape succeeded, so no disclosure conclusion can be drawn. Private company.",https://www.24hourfitness.com/,
84 LUMBER,https://www.84lumber.com/,none,,,,,,Site alive (homepage HTTP 200; /specialty-products/84-environmental scraped successfully). No sustainability/ESG/GHG report or Scope 1/2 disclosure found. Map ESG-filter returned only store/policy PDFs and a green-products page (no corporate emissions data); site-restricted search found no report. Large private company (family-owned).,https://www.84lumber.com/,
ABC SUPPLY,https://www.abcsupply.com/,none,,,,,,"Site alive (homepage scraped via Firecrawl, 24KB markdown; direct curl returns 403 bot-block). No sustainability/ESG/GHG report or Scope 1/2 disclosure found. Map ESG-filter returned only 4 unrelated news articles; site-restricted search surfaced only other companies' reports. Private company (Diane Hendricks / ABC Supply Co.).",https://www.abcsupply.com/,
ACCORINVEST,https://group.accorinvest.com/,none,,,,,,"Input domain group.accorinvest.com fails DNS resolution via both curl and Firecrawl (could not resolve host). accorinvest.com returns 301 -> www.accorinvest.com which also fails DNS. Searches for AccorInvest's own ESG report surfaced only parent-operator Accor SA reports (a separate entity - AccorInvest is the spun-off hotel-property owner, majority externally owned, not a reporting subsidiary of Accor SA), so no company-own evidence collected. A LinkedIn post confirms AccorInvest publishes an ESG report but no accessible URL on a reachable domain was found.",https://group.accorinvest.com/,
ACRISURE LLC,https://www.acrisure.com/,none,,,,,,"Site alive (homepage HTTP 200). No sustainability/ESG/GHG report or Scope 1/2 disclosure found. Map ESG-filter returned only blog/insurance-product articles; site-restricted search found only a general 'greener future' blog post (narrative, no reported figures). Private insurance-brokerage/fintech company.",https://www.acrisure.com/,
ADB SAFEGATE,https://adbsafegate.com/,pdf,2024,3287,,393,,"From ADB Safegate 2025 ESG Report p.17 GHG Emissions bar chart (values are printed data labels), latest year 2024: Scope 1 = 3,287; Scope 2 = 393; Scope 3 = 240,839 tCO2e. Scope 2 basis (market vs location) not stated on the chart - placed in scope2_location and inferred. Report PDF link taken from the live sustainability hub scrape (adbsafegate.com/sustainability/). Map missed the report; confirmed via live hub page. Report filename says 'october-2025'/'2025 ESG Report'; data year is 2024.",https://adbsafegate.com/media/5widpy5q/adbsafegate-esg-resport-october-2025.pdf,companies/ADB SAFEGATE/ADB-Safegate-ESG-Report-2025.pdf
ADVANCED DRAINAGE SYSTEMS INC,https://www.adspipe.com/,pdf,FY2025,161628,146975,141687,,"From ADS Sustainability Report 2025 (FY2025, Apr 1 2024 - Mar 31 2025) p.68 'Fiscal Year 2025 Performance Indicators' table: Total Scope 1 = 161,628; Scope 2 market-based = 146,975; Scope 2 location-based = 141,687 tCO2e. Values visually confirmed on rendered page (pdftotext had swapped the market/location rows). Combined S1+2 market = 308,603 and location = 303,315 reconcile with the split. Limited assurance (ERM CVS) on FY2025 figures. Report link from live sustainability-reports hub scrape; hosted on branded asset host assets.adspipe.com.",https://assets.adspipe.com/m/6982ecfb51b2ad99/original/Sustainability-Report-2025.pdf,companies/ADVANCED DRAINAGE SYSTEMS INC/Advanced-Drainage-Systems-Sustainability-Report-2025.pdf
ADVANZ PHARMA,https://www.advanzpharma.com/,pdf,2023,637,91,,,"From ADVANZ PHARMA Sustainability Report 2023/24 p.18 'Our Environmental Impact in Figures' Carbon Footprint table, latest year 2023: Scope 1 (fleet) = 637; Scope 2 market-based (electricity in offices) = 91 tCO2e; Total scopes 1&2 = 728 (reconciles). Only market-based Scope 2 published; no location-based figure. Values visually confirmed on rendered page. Report link from live news-page scrape.",https://www.advanzpharma.com/media/uploads/ADVANZ-PHARMA-ESG-24.pdf,companies/ADVANZ PHARMA/Advanz-Pharma-ESG-Report-2023-2024.pdf
AERNNOVA,https://www.aernnova.com/,pdf,2024,10420,,21181,,"From Aernnova Group EINF (Estado de Informacion No Financiera) 2024 p.22 'Emisiones de GEI (tCO2eq)' table, year 2024: Alcance 1 (Scope 1) = 10,420; Alcance 2 (Scope 2) = 21,181; Alcance 3 (Scope 3) = 25,011 tCO2e; Total = 56,612 (reconciles). Values visually confirmed on rendered page (pdftotext had shifted every row up one). European decimal format (period = thousands separator). Scope 2 market/location basis not stated - placed in scope2_location and inferred. Also collected Bureau Veritas Carbon Footprint Verification certificate (GHG Protocol, Scopes 1/2/3, verified period Jan-Dec 2024) which confirms the reporting year but carries no numeric values. EINF hosted on Aernnova's own webflow CDN (same site bucket as their website).",https://cdn.prod.website-files.com/6706873ef5d7450a71c11eb4/682edcdaba36f10ec0a37744_EINF%202024%20ESP.pdf; https://cdn.prod.website-files.com/6706873ef5d7450a71c11eb4/68dce688024834fc555fd4d2_26183861-HDC-GHG%20PROTOCOL-AERNNOVA%20AEROSPACE%2C%20S.A.U.-INGLES.pdf,companies/AERNNOVA/Aernnova-EINF-Non-Financial-Statement-2024-ES.pdf; companies/AERNNOVA/Aernnova-GHG-Protocol-Carbon-Footprint-2024.pdf
AFFIDEA,https://www.affidea.com/,screenshot,2022,1683,,13541,,"On-page figures from Affidea 'Our Commitment to ESG' page, 'Our 2022 Green House Gas Emissions': Scope 1 = 1,683; Scope 2 = 13,541; Scope 3 = 5,673 tCO2e; total 20,898 (reconciles). Values visually confirmed on full-page screenshot; European decimal format (period = thousands separator). Scope 2 >> Scope 1 is plausible for a medical-imaging operator (electricity-heavy). Scope 2 market/location basis not stated - placed in scope2_location and inferred. 2022 is the only/latest year published on their site (search found nothing newer). Full-page screenshot captured.",https://www.affidea.com/who-we-are/our-commitment-to-esg,companies/AFFIDEA/Affidea-scope-1-2-emissions-page.png
BRIGHTSPRING HEALTH,https://www.brightspringhealth.com/,none,,,,,,"No GHG/ESG disclosure found. Site live (scraped /impact successfully); /impact and /impact/by-the-numbers cover community and quality/care impact only, no emissions. Search for 'BrightSpring Health sustainability ESG greenhouse gas emissions' returned only third-party healthcare-sector emissions studies (AHA, NAM, NoHarm), nothing from the company. No Scope 1/2 published.",https://www.brightspringhealth.com/impact,
BROOKS AUTOMATION,https://www.brooks.com/,none,,,,,,"No absolute Scope 1/2 figures published. Site live (scraped /about/sustainability and /about/corporate-social-responsibility). Sustainability page is narrative only: commits to net-zero by 2050 and 'transparent emissions reporting' but publishes no tCO2e figures and no ESG/GHG report. CSR page links only policy PDFs (Code of Conduct, RoHS/REACH, human rights). Search returned only Brooks' own narrative pages plus the unrelated Brooks Running shoe brand. Company is privately held (semiconductor automation).",https://www.brooks.com/about/sustainability/,
BURGER KING FRANCE,https://www.burgerking.fr/,pdf,2024,935,,,,"Scope 1 = 935 tCO2eq (2024), from BK France DPEF/RSE report 2024, 'Point d'etape 2024' (printed p.20-21, PDF p.11); down 26% from 1,272 tCO2eq in 2019. Scope 2 NOT published as an absolute figure - reported only as % renewable electricity (7% in 2024, target 100% by 2030), so scope2 cells left empty. Total carbon footprint 1,315,700 tCO2eq in 2024 is overwhelmingly Scope 3 (agriculture/suppliers 77%); Scope 3 given only as intensity (2,249 tCO2eq/restaurant). Not a combined-only reporter. PDF hosted on BK France's own CDN (ecoceabkstorageprdnorth.blob = backing store for medias.burgerking.fr, same /custom-pages/rse/ path as burgerking.fr's own RSE imagery); found via firecrawl search since the consumer site does not crawl-link it. Confirmed latest: dedicated search for a 2025 DPEF found none; groupe-bertrand.com hosts only older 2022/2023 editions.",https://ecoceabkstorageprdnorth.blob.core.windows.net/custom-pages/rse/BK_DPEF_2024.pdf,companies/BURGER KING FRANCE/Burger-King-France-DPEF-2024.pdf
CACI,https://www.caci.com/,pdf,2024,3648.35,,19614.23,,"From CACI FY2025 Corporate Responsibility Report, 'Environment' GHG table, p.8. Emissions data explicitly reported for calendar year 2024 (report notes GHG data is submitted per calendar year, not fiscal year). Latest year CY2024: Scope 1 = 3,648.35 MT CO2e; Scope 2 (electricity) = 19,614.23 MT CO2e. Units MT CO2e = tCO2e, no conversion. Scope 2 basis (market vs location) not stated in the report - placed in scope2_location and inferred. PDF from CACI's Widen DAM (caci-dam.widen.net), linked from the FY25 CRR viewer at caci.com/csr-esg.",https://caci-dam.widen.net/s/7nxjmlsdtd/fy25_crr_report,companies/CACI/CACI-Corporate-Responsibility-Report-FY2025.pdf
CAESARS,https://www.caesars.com/,pdf,2024,229616,464390,499622,,"From Caesars Entertainment 2024 CSR Report Appendix, GRI 305-1/305-2 data table, p.20. Latest year 2024: Scope 1 (direct) = 229,616 tCO2e; Scope 2 market-based = 464,390 tCO2e; Scope 2 location-based = 499,622 tCO2e. Units Tons CO2e = tCO2e. Both bases published; GHG data third-party verified (2024 GHG/water verification statement also on site). PDFs from Caesars' own asset host assets.caesars.com, linked from caesars.com/corporate-social-responsibility/csr-reports.",https://assets.caesars.com/m/3bbe0513ead3a4d/original/ent-1517911212-2024-csr-report-appendix-1664599604-final.pdf ; https://assets.caesars.com/m/433f596ae1064661/original/1517911212-ent-2024-csr-report-1632080071-final.pdf,companies/CAESARS/Caesars-CSR-Report-2024-Appendix.pdf; companies/CAESARS/Caesars-CSR-Report-2024.pdf
CALDIC,https://www.caldic.com/,pdf,2024,4768,2550,4829,,"From Caldic Sustainability Report 2024, ESRS E1-6 GHG table, p.49. Latest year 2024: Gross Scope 1 = 4,768 tCO2e; Scope 2 location-based = 4,829 tCO2e; Scope 2 market-based = 2,550 tCO2e. Units tCO2e. Both bases published (2024 is first year with market-based). PDF from caldic.com, linked from the company's 2024 sustainability-report news page.",https://www.caldic.com/contentassets/d47526097bf94f00b1c2ee37ee4693d4/caldic-sustainability-report-2024.pdf,companies/CALDIC/Caldic-Sustainability-Report-2024.pdf
CALPINE CORP,https://www.calpine.com/,pdf,2023,48915527,,,,"From Calpine 2023 Sustainability Report, 'GHG Emissions' performance metrics, p.14 (repeated in SASB data index p.44). Latest year 2023: Gross global Scope 1 = 48,915,527 metric tons CO2e (SASB IF-EU-110a.1 / GRI 305-1). Company reports no own Scope 2: full-text grep of the report finds a single 'Scope 2' mention, and it refers to customers' Scope 2 via the Champion retail arm, not Calpine's own - expected for an electricity generator. Confirmed latest report available: sustainability hub's newest edition is the 2023 report (published Nov 2024); search for a 2024 sustainability report found none (only the SEC 10-K and an excluded aggregator).",https://www.calpine.com/wp-content/uploads/2024/11/Calpine_2023_Sustainability_Report-1.pdf,companies/CALPINE CORP/Calpine-Sustainability-Report-2023.pdf
CAMPING WORLD,https://www.campingworld.com/,none,,,,,,"No Scope 1/2 figures published. Site live (scraped investor.campingworld.com/resources). No dedicated ESG/sustainability report - investor resources list governance materials only. Downloaded and checked the 2024 Form 10-K (from Camping World's q4cdn IR host): 'greenhouse gas'/'GHG' appear only in risk-factor and regulatory context (e.g. California truck / fuel-economy rules), with no Scope 1/2 emissions figures. AnnualReports.com hit excluded (aggregator).",https://investor.campingworld.com/resources/default.aspx,
CEGID,https://www.cegid.com/,none,,,,,,"No absolute Scope 1/2 figures published. Site live (scraped /fr/notre-politique-rse/). The RSE policy page is narrative only - discusses carbon-neutral cloud data centres (Microsoft Azure/IBM) but gives no company Scope 1/2 tCO2e. No CSR/extra-financial report with GHG figures found on site; two searches ('rapport RSE', 'empreinte carbone bilan GES') returned only marketing/blog pages and generic French government climate resources. Company is privately held (Silver Lake).",https://www.cegid.com/fr/notre-politique-rse/,
CENTRIENT,https://centrient.com/,pdf,2024,142884,118053,193783,,"From Centrient ESG Report 2024, Annex 3 GHG disclosure table (printed p.70, PDF p.72). Latest year 2024: Gross Scope 1 = 142,884 tCO2e; Scope 2 location-based = 193,783 tCO2e; Scope 2 market-based = 118,053 tCO2e (Total Scope 1+2 = 260,936). Units tCO2e. Both bases published. PDF from centrient.com, linked from /our-promise/sustainability.",https://centrient.com/sites/default/files/files/Centrient_ESGReport_2024_1.pdf,companies/CENTRIENT/Centrient-ESG-Report-2024.pdf
ALPHIA,https://www.alphia.com/,none,,,,,,"No ESG/sustainability disclosure. Private pet-food contract manufacturer; full sitemap (62 URLs) has no sustainability/environment/emissions pages, only capabilities brochures and press articles. Site confirmed live (homepage HTTP 200).",https://www.alphia.com/,
ALTER DOMUS,https://alterdomus.com/,pdf,2024,644,,1783,,"Alter Domus Annual Report 2024, 'Group Consolidated Emissions 2023-2024' table p.9 (tonnes, gross). Report lists component rows, not totals: Scope 1 2024 = Transport/fleet 512 + Gas 132 = 644; Scope 2 2024 (all rows location-based) = electricity 1,690 + heat/steam 58 + fleet 35 = 1,783 tCO2e. Market-based not reported. Latest annual report confirmed via search (2024 vs prior 2022).",https://alterdomus.com/wp-content/uploads/2025/06/Alter-Domus-2024-Annual-Report.pdf,companies/ALTER DOMUS/Alter-Domus-Annual-Report-2024.pdf
ALTICE USA,https://www.alticeusa.com/,pdf,2024,43219,230083,235452,,"Altice USA reports under its Optimum consumer brand. 2024 Sustainability & Impact Report (optimum.com, dated 03DEC25), GHG Emissions table, 2024 column: Scope 1 (gross direct) 43,219; Scope 2 location-based 235,452; Scope 2 market-based 230,083 tCO2e. Report link confirmed live on optimum.com/about-us/sustainability-impact. Original PDF download bot-blocked by Akamai (403/HTML challenge on 3 curl attempts with varied UA/headers); values extracted via Firecrawl scrape of the actual report PDF (cache/scrape-optimum-pdf.json) - non-original evidence, no downloadable file on disk.",https://www.optimum.com/about-us/sustainability-impact; https://www.optimum.com/about-us/about-us/sites/default/files/2025-12/Optimum%20-%202024%20Sustainability%20and%20Impact%20Report%20-%2003DEC25.pdf,
ALTIUM PACKAGING LLC,https://www.altiumpkg.com/,pdf,2024,9120,,150633,,"Altium Packaging ESG Report 2025 (latest, confirmed on live esg-landing page), GHG emissions breakdown donut p.10, reporting year 2024: Scope 1 = 9,120 (6%); Scope 2 = 150,633 (94%); total 159,753 mtCO2e. Report frames Scope 1&2 as location-based (p.11); market-based not separately reported. Visually confirmed on rendered page.",https://altiumpkg.com/wp-content/uploads/2025/11/Altium-ESG-Report-2025-Web.pdf,companies/ALTIUM PACKAGING LLC/Altium-Packaging-ESG-Report-2025.pdf
ALVEST,https://www.alvest.fr/,pdf,2024,2554,1497,1549,,"ALVEST ESG Report (2024 data), 'Group Scope 1 and Scope 2 Emissions' table p.37, Group TOTAL 2024: Scope 1 = 2,554; Scope 2 location-based = 1,549; Scope 2 market-based = 1,497 tCO2e (total S1+S2 loc = 4,103, matches report). Visually confirmed on rendered page. Report link from live values-esg-ethics page.",https://alvest.fr/wp-content/uploads/2025/09/ALVEST-ESG-report-2025-297x210-v7-compressed_compressed.pdf,companies/ALVEST/Alvest-ESG-Report-2025.pdf
AMAWATERWAYS,https://www.amawaterways.com/,none,,,,,,"Private river-cruise line; no ESG/sustainability report or absolute Scope 1/2 figures published. Map (2,535 URLs) has zero sustainability/ESG/emissions pages; homepage (scraped live) has no sustainability link; search surfaced only third-party coverage of qualitative 'green' initiatives (green-award ships). Site confirmed live.",https://www.amawaterways.com/,
AMEDES,https://www.amedes-group.com/,pdf,,,,,,"German medical-lab group. ESG/Nachhaltigkeit brochure (dated 2026-01, linked live from nachhaltigkeit environment page) publishes only a reduction target (30% Scope 1+2 by 2030) plus qualitative measures; states annual THG (GHG) accounting since 2022 but does NOT disclose absolute tCO2e figures. find-ghg-pages verdict KEYWORDS_ONLY; p.2 measures table visually confirmed - no absolute Scope 1/2 values.",https://www.amedes-group.com/unternehmen/nachhaltigkeit/umwelt.html; https://www.amedes-group.com/fileadmin/user_upload/media/amedes_group/xxx_broschuere_esg_nachhaltigkeit_260127.pdf,companies/AMEDES/Amedes-ESG-Nachhaltigkeit-Broschuere-2026.pdf
AMENTUM,https://www.amentum.com/,pdf,2024,11903,,12122,,"FY2024 Impact Report (inaugural, post-merger), GHG Emissions p.6. The report reports legacy Amentum and legacy iCMS (Jacobs Critical Mission Solutions) SEPARATELY and explicitly declines a consolidated total. Values here are the SUM of both legacy entities: Scope 1 = 7,380 (Amentum) + 4,523 (iCMS) = 11,903; Scope 2 location-based = 2,306 (Amentum, estimated) + 9,816 (iCMS) = 12,122 tCO2e. Scope 3 not fully calculated; market-based not reported. Report URL via Firecrawl search; no live landing page found linking it; confirmed no FY25 impact report published.",https://www.amentum.com/wp-content/uploads/FY24-Amentum-Impact-Report-FINAL.pdf,companies/AMENTUM/Amentum-Impact-Report-FY24.pdf
AMERICAN AIRLINES,https://www.aa.com/,pdf,2025,40640292,114945,168883,,"American Airlines Sustainability Report 2025 (linked live from news.aa.com/esg; aa.com itself not supported by Firecrawl). GHG Emissions Statement p.76, year ended 31 Dec 2025: Scope 1 = 40,640,292; Scope 2 location-based = 168,883; Scope 2 market-based = 114,945 tCO2e. Total S1+S2 market = 40,755,237 (matches report). Visually confirmed on rendered page. Report hosted on AA's Q4 IR CDN (q4cdn), linked from company ESG page.",https://news.aa.com/esg/; https://s202.q4cdn.com/986123435/files/images/esg/AA_SustainabilityReport_2025.pdf,companies/AMERICAN AIRLINES/American-Airlines-Sustainability-Report-2025.pdf
AMERICAN BATH GROUP,https://americanbathgroup.com/,pdf,2023,,,,,"American Bath Group '2023 ESG Overview' brochure (ABG group-level, CEO message; hosted on ABG cloudinary CDN and linked live from swanstone.com/certifications-green-sustainability, an ABG brand site). Qualitative only: has an 'Emissions & Air Quality' section but no absolute Scope 1/2 tCO2e figures (find-ghg-pages verdict NONE; no CO2/tonne/scope values in text). Only ESG disclosure found for this private company; americanbathgroup.com map (2,466 URLs) has no ESG pages.",https://swanstone.com/certifications-green-sustainability; https://res.cloudinary.com/american-bath-group/image/upload/fl_attachment:swan-sustainability-esg-brochure/v1708716422/websites-product-info-and-content/swan/content/pros-corner/certifications-and-sustainability/swan-sustainability-esg-brochure.pdf,companies/AMERICAN BATH GROUP/ABG-Swan-Sustainability-ESG-Brochure-2023.pdf
AMERICAN TRAFFIC SOLUTIONS,https://www.verramobility.com/,pdf,2024,,,,,"Input matched to current name Verra Mobility (per batch input). Corporate Responsibility Report 2024 (latest; company's only sustainability report) collected from the live corporate-responsibility page. Full-text pdftotext grep for scope/GHG/tCO2e/emissions across all 28 pages found NO GHG inventory - report discusses only vehicle-emission reduction benefits to customers, no absolute Scope 1/2 figures. Site confirmed live (scraped corporate-responsibility page). No Scope 1/2 absolute data published.",https://www.verramobility.com/wp-content/uploads/2025/05/Verra-Mobility-Corporate-Responsibility-Report-2024-vF.pdf (linked from https://www.verramobility.com/corporate-responsibility),companies/AMERICAN TRAFFIC SOLUTIONS/Verra-Mobility-Corporate-Responsibility-Report-2024.pdf
AMMEGA,https://www.ammega.com/,pdf,2025,23612,,25942,,"Values from Sustainability Report 2025 Data Table (physical p.66) and confirmed on ISAE3000 assurance statement (physical p.76). Report uses European number formatting (dots = thousands separators): Scope 1 = 23.612 = 23,612 tCO2e; Scope 2 location-based = 25.942 = 25,942 tCO2e (assurance page confirms 23,612 and 25,942 with comma separators). Only location-based Scope 2 reported; no market-based. FY2025 latest column.",https://ammega.com/wp-content/uploads/2026/06/ammega_sustainability_report_2025_final_hq.pdf (linked from https://ammega.com/ammega-sustainability-report-2025-now-available),companies/AMMEGA/AMMEGA-Sustainability-Report-2025.pdf
AMWINS GROUP INC,https://www.amwins.com/,none,,,,,,Private insurance wholesale broker. Map (137 URLs) + broadened filter surfaced no corporate ESG/sustainability report - only environmental-insurance product pages (a business line) and insurance 'state of the market' reports. firecrawl search returned no company-owned sustainability/ESG report. Site confirmed live (homepage curl HTTP 200). No Scope 1/2 disclosure published.,https://www.amwins.com/,
AMYNTA,https://www.amyntagroup.com/,none,,,,,,"Private insurance services company (Amynta Group). Map (130 URLs) + broadened filter found no ESG/sustainability content; only investor/press and an About page. firecrawl search returned no company-owned sustainability report. Homepage 403 to curl but About page scraped live successfully (10K markdown, no scope/ESG content) - site confirmed alive. No Scope 1/2 disclosure published.",https://www.amyntagroup.com/about,
ANCESTRY.COM,https://www.ancestry.com/,pdf,2025,,,,,"2025 Impact Report (full 12-page report, IR_2026 file, covers 2025) collected from live corporate-responsibility page. Only intensity/reduction metric published: '8.1% emissions reduction in production and distribution per AncestryDNA kit' (p.2), footnoted as calculated across Scope 1/2/largest Scope 3. SASB table (p.9) gives qualitative statement only ('Scope 1, 2, and 3 emissions continue to decrease year-over-year'). NO absolute Scope 1/2 tCO2e figures published - intensity/qualitative only.",https://cmsasset.ancestrycdn.com/content/dam/Impact-Report-2026/Ancestry_IR_2026_FullReport.pdf (linked from https://www.ancestry.com/corporate/corporate-responsibility),companies/ANCESTRY.COM/Ancestry-Impact-Report-2026.pdf
ANTICIMEX,https://www.anticimex.com/,pdf,2025,52134,79,3094,,"Values from GHG emissions Scopes 1, 2 and 3 table (physical p.31), 2025 column, visually confirmed. Gross Scope 1 = 52,134 tCO2e; Location-based Scope 2 = 3,094 tCO2e; Market-based Scope 2 = 79 tCO2e (99% renewable electricity). Report is EQT-owned Anticimex Group Annual and Sustainability Report 2025 (PDF hosted on cdn.sanity.io, linked from company press-release page).",https://cdn.sanity.io/files/5fe89r5x/group/d4e301fa3e61fe0652fe657b7d5ea9c64ca29f7f.pdf (linked from https://www.anticimex.com/press-releases/anticimex-annual-and-sustainability-report-2025),companies/ANTICIMEX/Anticimex-Annual-and-Sustainability-Report-2025.pdf
APCOA,https://www.apcoa.com/,pdf,2025,4102.1,,3091.1,,"Values from APCOA Group Environmental performance table (physical p.80), '2025 (SBTi/CSRD)' column, visually confirmed: GHG Scope 1 total = 4,102.1 tCO2e (stationary+mobile+fugitive); GHG Scope 2 total = 3,091.1 tCO2e (steam/heat/cooling + electricity). Scope 2 basis NOT explicitly labelled market vs location on the summary table - recorded as location-based, inferred. ESG Report 2025 PDF linked from live sustainability page.",https://www.apcoa.com/wp-content/uploads/2026/07/APCOA_2025-ESG-report.pdf (linked from https://www.apcoa.com/about-us/sustainability/),companies/APCOA/APCOA-ESG-Report-2025.pdf
APPLEGREEN,https://www.applegreenstores.com/,none,,,,,,"Corporate/ESG content lives on Applegreen's own corporate domain applegreengroup.com (applegreenstores.com is the Ireland retail site). Private since 2021 (Blackstone). Live-scraped group Sustainability page publishes only a Sustainability Policy and a Net Zero commitment (90% emissions-reduction target) - targets are not reported data. Investors page lists only old annual reports (2017-2019). Last actual sustainability report (2020 Sustainability Review, drivechange.applegreen.com) scanned - verdict NONE, no GHG inventory. No absolute Scope 1/2 figures published anywhere on own site. Sites confirmed live (scraped).",https://applegreengroup.com/sustainability/; https://applegreengroup.com/investors/,
APPLIED SYSTEMS,https://www1.appliedsystems.com/,pdf,2024,346,1883,1859,,"Values from Performance Tables, Table 1 GHG Emissions by Scope (physical p.19), FY24 column, visually confirmed (units MTCO2e = tCO2e): Scope 1 = 346; Scope 2 location-based = 1,859; Scope 2 market-based = 1,883. Report is 'Applied Systems 2025 ESG Update and Disclosures' (data year FY24), on company's own domain, linked from live sustainability page. NOTE: a same-named '2024 ESG Report' PDF on applied.com belongs to a different company (Applied Industrial Technologies) and was correctly excluded.",https://www1.appliedsystems.com/siteassets/all-documents/company/2025-applied-systems-esg-update-and-disclosures.pdf (linked from https://www1.appliedsystems.com/en-us/about-us/sustainability/),companies/APPLIED SYSTEMS/Applied-Systems-ESG-Update-and-Disclosures-2025.pdf
APPLUS,https://www.applus.com/,pdf,2022,,,,,"Applus+ latest ESG disclosure is the Sustainability Report 2024, published only as an interactive JavaScript microsite (applus.com/global/en/about-us/sustainability-report/2024/) - GHG Scope 1/2 data not exposed via firecrawl scrape (rendered markdown is nav only) and direct browser access to applus.com was blocked; 2024 figures could NOT be extracted with available tools. Latest EXTRACTABLE report on Applus's own domain is the FY2022 Integrated Financial & Non-Financial (ESG) Report (kept as fallback evidence) - FY2022 figures for reference: Scope 1 = 46,102 tCO2e; Scope 2 market-based = 9,487; Scope 2 location-based = 17,845 (p.189-190). Value columns left empty because these are 4 years stale and a newer 2024 report exists. Manual retrieval of 2024 Scope 1/2 from the microsite required.","https://www.applus.com/global/en/about-us/sustainability-report/2024/ (2024 report, JS microsite, data inaccessible); https://historicalrecords.applus.com/en/dam/jcr:565f1f24-ae96-4822-9df1-fb441358e5ec/Integrated%20Consolidated%20Directors%20Report.pdf (FY2022 fallback, own domain)",companies/APPLUS/Applus-Integrated-Financial-and-Non-Financial-Report-2022.pdf
CERAMTEC,https://www.ceramtec-group.com/,pdf,2025,30221.82,25034.80,36666.95,,"Sustainability Report 2025, p.22 (Current year 2025 column). Exact figures from company report in tCO2eq. Scope 1 30,221.82; Scope 2 market-based 25,034.80; Scope 2 location-based 36,666.95. Visually confirmed against rendered page.",https://www.ceramtec-group.com/fileadmin/user_upload/Corporate/06_About_Us/07_Sustainability/ESG_Report_2025/CeramTec_Sustainability_Report_2025.pdf,companies/CERAMTEC/CeramTec-Sustainability-Report-2025.pdf
CERBA HEALTHCARE,https://www.cerbahealthcare.com/,pdf,2024,12756,3208,,,"CSR/RSE Report 2024, Group Carbon Footprint 2024 (printed p.48 / PDF p.25), market-based method (footnote 10). Scope 1 12,756 + Scope 2 3,208 = 15,964 tCO2e combined (matches p.48 SBTi table). Scope 3 = 181,835 tCO2e (92%) excluded. Location-based not disclosed. Report downloaded from live-scraped commitments page on company's own site.",https://www.cerbahealthcare.com/sites/cerba-healthcare/files/public/medias/files/250918_CERBA_rapport_RSE_2024_EN.pdf,companies/CERBA HEALTHCARE/Cerba-HealthCare-CSR-Report-2024.pdf
CERELIA,https://www.cerelia.com/,pdf,FY2024,,,,,"No absolute Scope 1/2 figures published. FY24 group carbon audit (CSR Report 2024/2025) reports a market-based total of 750 kt CO2e (Scope 1+2+3, rounded, p.44); Scope 1&2 stated only as 2.9% of that total (p.46), split 68.8% natural gas / 17.7% electricity. No absolute tonnes given - values left empty per no-guess rule.",https://www.cerelia.com/wp-content/uploads/Cerelia-RSE-2025-Final-Eng.pdf,companies/CERELIA/Cerelia-CSR-Report-2025.pdf
CETERA,https://www.cetera.com/,none,,,,,,"Financial-advisory / broker-dealer network. No corporate sustainability/ESG report or GHG (Scope 1/2) disclosure found: mapped 602 URLs with no ESG/sustainability/climate pages; search surfaced only client-facing ESG mutual-fund selection materials, not operational emissions. Site confirmed alive (live scrape of /about-us succeeded).",https://www.cetera.com/,
CH GUENTHER,https://chg.com/,pdf,2025,,,,,"input matched to current name CH GUENTHER (per batch input). No absolute Scope 1/2 figures published. TCFD 2025 report (Dec 2025, California SB 261 disclosure) states GHG emissions (Scope 1&2) are tracked on an intensity basis only (p.2); SBTi-aligned target to cut Scope 1&2 42% from a 2022 baseline by 2030 for bakery operations. No tCO2e values anywhere in the document (full 4-page text scanned).",https://chg.com/wp-content/uploads/2026/01/CHG_TCFD_2025.pdf,companies/CH GUENTHER/CH-Guenther-TCFD-Report-2025.pdf
CHAMBERLAIN,https://www.chamberlaingroup.com/,pdf,2024,5436.75,9865.29,14832.74,,"IFRS S2-aligned Summary Report, p.26 (2024). Scope 1 5,436.75 (identical market/location); Scope 2 market-based 9,865.29; Scope 2 location-based 14,832.74 (mtons CO2e = tCO2e). Report states third-party verification not completed for this inventory. PDF linked from company homepage via cgi.widen.net (Chamberlain's own Widen DAM).",https://cgi.widen.net/s/lgqp2mptsf/ifrs-s2-aligned-summary-report_chamberlain,companies/CHAMBERLAIN/Chamberlain-Group-IFRS-S2-Summary-Report.pdf
CHARTER COMMUNICATIONS,https://corporate.charter.com/,pdf,2023,431504,1105788,1069443,,"2023 ESG Report, printed p.20 (PDF p.22). Scope 1 Total 431,504; Scope 2 Total 1,105,788 is market-based methodology (footnote 13); Scope 2 location-based 2023 = 1,069,443 (footnote 13). Units mt CO2e = tCO2e. Confirmed latest available - live esg-report hub links this edition and search found no 2024/2025 report.",https://corporate.charter.com/esg-report.pdf,companies/CHARTER COMMUNICATIONS/Charter-ESG-Report-2023.pdf
CHEPLAPHARM,https://www.cheplapharm.com/,pdf,2025,120,8,,,"ESG Report 2025, Table 2 p.18 (2025 column). Units 't CO2' per report (treated as tCO2e). Scope 1 Total 120. Scope 2 market-based total 8 (electricity from own company sites ~0 via certified renewables; residual = district heating 1 + external EV charging 7). Location-based not disclosed. Asset-light pharma - genuinely small absolute values.",https://www.cheplapharm.com/media/seiten/esg/chp_esg_report_2025_eng_readonly.pdf,companies/CHEPLAPHARM/Cheplapharm-ESG-Report-2025.pdf
CHG HEALTHCARE SERVICES,https://chghealthcare.com/,none,,,,,,Physician-staffing (locum tenens) firm. Publishes only a Community Impact Annual Report 2025 (find-ghg-pages verdict NONE - no environmental/GHG data); no sustainability/ESG report and no Scope 1/2 disclosure found on the site. Site confirmed alive (live scrape of community-impact page succeeded). Community report not retained as a Scope 1/2 deliverable.,https://chghealthcare.com/about/community-impact/chg-impact,
CHOBANI,https://www.chobani.com/,pdf,2019,,,,,"No absolute Scope 1/2 figures published. Latest public impact report is the 2019 Impact Report (p.25): reports only Scope 1&2 GHG reduction totals (-32,379 mt CO2e since 2016) and a 2022 reduction target (-17,000 mt CO2e) - reductions/targets, not absolute figures. Current sustainability page (chobani.com/impact) is narrative-only (2024 plant energy audits), no figures. 2019 report retrieved from Chobani's Contentful CDN via search.",https://www.chobani.com/impact/our-causes?tabValue=sustainability; https://assets.ctfassets.net/3s6ohrza3ily/5MxDBZIMucaejmdHaHU5N1/7b141537f169ff5f5dcd55d4fe4e4625/CHOBANI_ImpactReport_2019.pdf,companies/CHOBANI/Chobani-Impact-Report-2019.pdf
BAUSCH & LOMB INC,https://www.bausch.com/,pdf,2025,58752,55301,46122,,"Values from GRI 305 data tables: Scope 1 p.70 and Scope 2 p.71, 2025 column (latest of 2022-2025); both Scope 2 bases published (market 55,301; location 46,122). Visually confirmed against rendered pages.",https://www.bausch.com/impact/report; https://www.bausch.com/siteassets/pdf/bauschandlomb-sustainability-impact-report-2025.pdf,companies/BAUSCH & LOMB INC/Bausch-Lomb-Sustainability-Impact-Report-2025.pdf
BEAUPARC,https://www.beauparc.ie/,pdf,2024,56695,2906,9685,,"Emissions tCO2e table on report p.18 (PDF p.11), 2024 column; both Scope 2 bases published (market 2,906; location 9,685). Report titled Beauparc Sustainability Report 2024, hosted on Beauparc's Panda brand site (panda.ie), linked from live launch page. Input beauparc.ie maps to panda.ie (same group brand).",https://www.panda.ie/launching-our-2024-sustainability-report; https://www.panda.ie/wp-content/uploads/2026/06/Beauparc-Sustainability-Report-2024.pdf,companies/BEAUPARC/Beauparc-Sustainability-Report-2024.pdf
BERKELEY RESEARCH,https://www.thinkbrg.com/,none,,,,,,"thinkbrg.com CSR page live-scraped (site alive, 200 OK): affirms UN Global Compact commitment but publishes no GHG/Scope 1-2 data. Map of 2,985 URLs shows only this CSR narrative page; site search surfaces no company sustainability report (other ESG/climate hits are BRG consulting publications for clients). Consulting firm - own emissions footprint not disclosed. Input matched to current name Berkeley Research Group (BRG) per batch input.",https://www.thinkbrg.com/about/corporate-social-responsibility,
BGIS,https://www.bgis.com/,pdf,2024,20372,,787,,"Our Footprint table p.57, 2024 column (Global Scope 1 20,372; Global Scope 2 787). Scope 2 reported location-based only per GRI 305-2 (index p.90 states 'Gross location-based energy indirect (Scope 2)'); market-based not disclosed. 2024 confirmed newest report on live sustainability hub.",https://www.bgis.com/us/sustainability-social-responsibility-2; https://www.bgis.com/assets/documents/2024-ESG-Report.pdf,companies/BGIS/BGIS-ESG-Report-2024.pdf
BIOGROUP,https://biogroup.fr/,pdf,2024,13670,,3266,,"Biogroup France 2024 figures p.29 (Scope 1 13,670; Scope 2 3,266 tCO2e), cross-checked against KPI table p.46. Scope 2 basis not stated in report - recorded as location-based, inferred. French-language RSE report.",https://biogroup.fr/demarche-rse-biogroup; https://biogroup.fr/documentation/Rapport%20RSE%20-%202024%20-%20FR.pdf,companies/BIOGROUP/Biogroup-Rapport-RSE-2024.pdf
BLACKHAWK NETWORK,https://blackhawknetwork.com/,pdf,2024,352,,1547,,"Global emissions table report p.8-9, 2024 column (Scope 1 Total 352; Scope 2 Total 1,547 tCO2e). Scope 2 basis not stated ('Scope 2 Total') - recorded as location-based, inferred. Report hosted on BHN subsidiary Tango Card CDN, linked from blackhawknetwork.com/ESG/sustainability. p.10 UK-only carbon-reduction-plan figures are a subset, not used.",https://blackhawknetwork.com/ESG/sustainability; https://info.tangocard.com/hubfs/bhn-sustainability-report-2025.pdf,companies/BLACKHAWK NETWORK/Blackhawk-Network-Sustainability-Report-2025.pdf
BLOUNT INTERNATIONAL INC,https://www.blount.com/,pdf,2024,15338,,20052,,"Input domain blount.com; company rebranded to Oregon Tool - collected Oregon Tool 2024 ESG Impact Report from live oregontool.com/oregon-tool-esg. GHG table report p.36, 2024 column (latest of 2021-2024): Scope 1 15,338; Scope 2 20,052 (Total 35,390). pdftotext had shifted the Scope 1/Scope 2 row labels; corrected by visual render. Scope 2 basis not stated - recorded location-based, inferred.",https://www.oregontool.com/oregon-tool-esg; https://www.oregontool.com/wp-content/uploads/2026/01/Oregon-Tool-2024-ESG-Impact-Report.pdf,companies/BLOUNT INTERNATIONAL INC/Oregon-Tool-2024-ESG-Impact-Report.pdf
BMC SOFTWARE,https://www.bmc.com/,pdf,FY2025,,,,,FY25 Corporate Citizenship & ESG Impact Report collected. Scope 1 and Scope 2 disclosed ONLY as a bar chart with a broken/non-linear x-axis (report p.16 Net Zero section) - no printed tonnage anywhere in the 97-page report; GRI 305-1/2 index directs to the CDP scorecard (available on request) for actual figures. Full-text search confirms no numeric Scope 1/2 table (large numbers elsewhere are trees-planted/animal-shelter counts). No reliable values extractable from the non-linear chart.,https://www.bmc.com/corporate/corporate-responsibility-impact.html; https://documents.bmc.com/products/documents/30/31/553031/553031.pdf,companies/BMC SOFTWARE/BMC-FY25-Corporate-Citizenship-ESG-Impact-Report.pdf
BOOTS,https://www.boots.com/,pdf,2025,62290,,35492,,"Values from Boots Carbon Reduction Plan (May 2026), 'Current year emissions (2025)' table p.2: Scope 1 62,290; Scope 2 location-based 35,492 tCO2e. Market-based not published. Boots Group ESG Impact Report 2025 (p.65) gives only a 37.1%-reduction narrative and points to an ESG Technical Report for detail. Both PDFs collected from boots-uk.com corporate site.",https://www.boots-uk.com/environmental-social-governance/what-we-do/progressing-our-sustainable-bootprint/; https://www.boots-uk.com/media/pe3e14t2/carbon-reduction-plan_may-2026.pdf; https://www.boots-uk.com/media/tw1eim5k/impact_report_2025.pdf,companies/BOOTS/Boots-Carbon-Reduction-Plan-May-2026.pdf; companies/BOOTS/Boots-Group-ESG-Impact-Report-2025.pdf
BOWLERO,https://www.bowlerocorp.com/,none,,,,,,"bowlerocorp.com homepage live-scraped (200 OK, ~10K markdown) - corporate site has no sustainability/ESG/investor section (nav is About/Press/Careers/News only); map returns 304 URLs with no ESG/sustainability/report pages. Targeted firecrawl search surfaces no Bowlero-owned emissions report (only unrelated companies). No Scope 1/2 disclosure found. Public company (NYSE: BOWL) - recommend checking IR/SEC filings.",https://www.bowlerocorp.com/,
CIENA,https://www.ciena.com/,pdf,2024,1709,0,,,"Values from Ciena 2024 Sustainability Report, Key performance metrics table, PDF p.19 (data as of Oct 31, 2024). Single 'Scope 2 emissions (mtCO2e)' column = 0 for 2024; basis not stated but value is market-based (0 reflects 99.9% renewable energy procurement; location-based would be nonzero) - placed in scope2_market, basis inferred. Scope 1 = 1,709 mtCO2e (=tCO2e). Limited assurance by SGS. Confirmed latest available: company sustainability page (live-scraped this run) links only the 2024 report; no FY2025 report yet.",https://www.ciena.com/__data/assets/pdf_file/0014/162212/Sustainability-Report-2024.pdf,companies/CIENA/Ciena-Sustainability-Report-2024.pdf
CIRCET,https://www.circet.com/,pdf,2025,81909,,3667,,"Values from Circet Integrated Report 2025 (EN), Group carbon footprint table, PDF p.30 (printed p.59), 2025 column: Scope 1 = 81,909 tCO2e, Scope 2 = 3,667 tCO2e, Scope 3 = 789,055. pdftotext column-shifted the values (put 97,521/792,551 on the Scope 1 line); rendered page visually confirms 2025 figures. Single Scope 2 figure, basis not stated -> placed in scope2_location, basis inferred. Report URL from live-scraped publications page; 2025 is newest (2024/2023 editions also listed).",https://www.circet.com/corporate/Publication/Integrated-report-2025_EN.pdf,companies/CIRCET/Circet-Integrated-Report-2025-EN.pdf
CLARIVATE,https://clarivate.com/,pdf,FY2025,319,,10342,,"Values from Clarivate 2025 Sustainability Report, GHG emissions data table PDF p.28 and Climate strategy narrative p.14, FY25 column: Scope 1 = 319 tCO2e, Scope 2 location-based = 10,342 tCO2e (both directly stated, components reconcile). Market-based Scope 2 not separately disclosed (report gives only combined 'Scope 1 & 2 (market)' totals which do not cleanly reconcile to a standalone Scope 2 market figure), so left empty. Total Scope 1-3 = 73,110 tCO2e. Confirmed latest via Clarivate 2025 news release (live-scraped). Direct PDF host not captured in cache; file identity confirmed visually (report footer '2025 Clarivate Sustainability Report').",https://clarivate.com/news/clarivate-releases-2025-sustainability-report/ ; https://clarivate.com/sustainability-at-clarivate/,companies/CLARIVATE/Clarivate-Sustainability-Report-2025.pdf
CLOUDERA INC,https://www.cloudera.com/,pdf,2024,0,,0,,"Only disclosure is a UK Carbon Reduction Plan for 'Cloudera UK Limited' (PPN-style, SECR basis => location-based), published May 12, 2025, on cloudera.com/legal. Latest reporting year 2024: Scope 1 = 0, Scope 2 = 0 tCO2e (UK entity, likely via green tariff). Baseline year 2022: Scope 1 = 1.4, Scope 2 = 33 tCO2e. Covers only the UK subsidiary, NOT the global Cloudera group; no group-wide Scope 1/2 disclosure found (search surfaced only this plan). PDF p.1.",https://www.cloudera.com/content/dam/www/legal/cloudera-carbon-reduction-plan.pdf,companies/CLOUDERA INC/Cloudera-Carbon-Reduction-Plan.pdf
COGNITA,https://www.cognita.com/,pdf,2022,6518.08,,19888.35,,"Values from Cognita Sustainability Report 2023-24 (latest report; live page links only this edition), Environmental Management infographic PDF p.15 (printed p.14): Direct GHG (Scope 1) = 6,518.08 MT CO2e, Indirect GHG (Scope 2) = 19,888.35 MT CO2e, Total Scope 1+2 = 26,406.42 (MT CO2e = tCO2e). This is their first group-wide inventory covering 2022; report states FY2023/FY2024 data to follow. Data year 2022. Scope 2 basis not stated -> scope2_location, inferred. Figures read from infographic (not a table).",https://www.cognita.com/wp-content/uploads/sites/10/2024/05/Cognita-Sustainability-Report-2023-24.pdf,companies/COGNITA/Cognita-Sustainability-Report-2023-24.pdf
COLOSSEUM DENTAL,https://www.colosseumdental.com/,none,,,,,,"No Scope 1/2 or any GHG/environmental disclosure published on company site. Site proven alive: homepage and Governance page live-scraped successfully this run; full map returned only 50 URLs with NO sustainability/ESG/environment/emissions/report page (only newsroom, governance, careers, privacy, COVID/brand PDFs). Governance page covers code of conduct/whistleblowing only, no emissions. Parent is Jacobs Holding (Swiss investment holding, not an operating parent that consolidates Colosseum emissions).",https://www.colosseumdental.com/ ; https://www.colosseumdental.com/governance,
CONCENTRA,https://www.concentra.com/,pdf,,,,,,"Concentra Climate-Related Risk Disclosure (TCFD-aligned, (c)2026), from its IR governance-documents page. Metrics & targets section (PDF p.10) explicitly states: 'Concentra conducted its first GHG inventory in 2025 and does not have historical periods of GHG emissions calculated at this time'; plans to provide GHG emissions in its California SB 253 disclosure in 2026. No absolute Scope 1/2 figures published yet.",https://d1io3yog0oux5.cloudfront.net/_0f7ad0c37bf99e5ea292b397323f7e9b/concentra/files/climate-related-risk-disclosure.pdf,companies/CONCENTRA/Concentra-Climate-Related-Risk-Disclosure.pdf
CONVERGINT TECH,https://www.convergint.com/,pdf,,,,,,"Convergint SB-261-aligned Climate Report 2025 (TCFD), from its sustainability page. Metrics & Targets (PDF p.9) explicitly states Convergint is 'currently undertaking our first comprehensive GHG scoping and calculation assessment' to establish a baseline across Scope 1/2/3, and 'do not have established' figures/targets yet. No absolute Scope 1/2 figures published.",https://www.convergint.com/wp-content/uploads/V8-Convergint-SB-261-aligned-Report-working-files-12.18.25.pdf,companies/CONVERGINT TECH/Convergint-SB261-Climate-Report-2025.pdf
COPELAND,https://www.copeland.com/,pdf,FY2025,179920,87245,197482,,"Values from Copeland FY25 Global Impact Report, GHG Emissions appendix table PDF p.47 (printed p.46), FY25 column: Scope 1 = 179,920; Scope 2 market-based = 87,245; Scope 2 location-based = 197,482 (metric tons CO2e = tCO2e). Total Scope 1+2 market = 267,165; location = 377,402. GHG data reviewed by WSP; limited assurance on Scope 1 & 2. Report URL from live-scraped impact page (media.copeland.com CDN); FY25 is newest (released Jun 2026).",https://media.copeland.com/10460b21-38f9-4319-be5e-b471013557fe/fy25-global-impact-report.pdf,companies/COPELAND/Copeland-FY25-Global-Impact-Report.pdf
CORE & MAIN LP,https://www.coreandmain.com/,none,,,,,,"Latest ESG report is the 2022 ESG Report (confirmed latest: company ESG page and news item 'core-and-main-releases-2022-esg-report' link only 2022/2020 editions; targeted search surfaced no 2023+ ESG/sustainability report - only financial news). Full text of the 2022 report was retrieved via Firecrawl and checked exhaustively: NO absolute Scope 1/2 figures (0 'scope 1/2', 0 tCO2e/CO2e/metric-ton hits); only narrative ('in the process of conducting a carbon assessment and will develop our roadmap'). Raw PDF download WAF-blocked (HTTP 403, HTML error page) on curl with two different user-agents + referer, so no deliverable file saved.",https://coreandmain.com/wp-content/uploads/Core-Main_2022_ESG_Report_2022_FULL_10.18.pdf ; https://coreandmain.com/who-we-are/esg,
ARAMARK CORP,https://www.aramark.com/,pdf,FY2022,338397,53907,52589,,"Values from Aramark CDP Climate Change 2023 response (company-hosted, ungated), C6.1 (Scope 1) and C6.3 (Scope 2 location & market); reporting year FY2022 (Oct 1 2021-Sep 30 2022). Latest 'Be Well. Do Well.' 2025 Progress Report is form-gated on aramark.com/sustainability-reporting; no 2024/2025 CDP found on their CDN, so CDP 2023 is the most recent ungated company emissions disclosure. Data is ~4 years old due to the form wall.",https://www.aramark.com/content/dam/aramark/en/environmental-social-governance/reporting/Aramark%20CDP%20Response%20Climate%20Change%202023.pdf,companies/ARAMARK CORP/Aramark-CDP-Climate-Change-2023.pdf
ARDONAGH,https://www.ardonagh.com/,pdf,FY2024/25,149,2127,2389,,"Values from Ardonagh Group Sustainability Report 2025, 'Our carbon footprint' table p.21 (visually confirmed on rendered page; pdftotext column-shifted). Latest-year 'Total' column (2024-2025): Scope 1 = 149; Scope 2 market-based = 2,127; Scope 2 location-based = 2,389 tCO2e. Report is current (2025).",https://www.ardonagh.com/wp-content/uploads/2026/03/The-Ardonagh-Group-Sustainability-Report-2025-Final-1.pdf (linked from https://www.ardonagh.com/sustainability),companies/ARDONAGH/Ardonagh-Sustainability-Report-2025.pdf
AREAS,https://areas.com/,pdf,2024,,,,,"AreasForChange ESG Summary (only sustainability doc linked from areas.com/en/sustainability) publishes NO absolute Scope 1/2 figures - only reduction targets and avoided-emissions anecdotes (e.g. '187.74 tons reduction', renewable-energy contracts). find-ghg verdict NONE; full-text confirmed no tCO2e inventory. Confirmation search found no fuller report. Value cells empty.",https://areas.com/wp-content/uploads/2024/02/AreasForChange_ESG_SUMMARY.pdf (from https://areas.com/en/sustainability),companies/AREAS/Areas-ESG-Summary.pdf
ARGUS MEDIA,https://www.argusmedia.com/,none,,,,,,"Argus environmental page (argusmedia.com/.../environmental, live-scraped) describes Scope 1/2/3 methodology and states Argus Media Limited completes UK SECR annually, but publishes NO absolute emission figures on its website. SECR figures are filed in statutory accounts at Companies House (third-party gov filing, not the company's own site). Map (2,962 URLs) and confirmation search surfaced only commodity/market reports, no corporate GHG inventory. Site confirmed alive via live scrape.",https://www.argusmedia.com/en/about-argus/argus-in-the-community/environmental,
ARMACELL,https://www.armacell.com/,pdf,2025,24500,54900,,,"Values from Armacell Sustainability Report 2025, 'Planet - Details & Data' table p.61 (visually confirmed; also matches emissions chart p.39). 2025: CO2e Scope 1 = 24.5 kt-CO2e -> 24,500 tCO2e; Scope 2 = 54.9 kt-CO2e -> 54,900 tCO2e. Converted from kt to tCO2e (x1000). Scope 2 is market-based per footnote ('Scope 2 - Market-based GHG emissions'); no location-based figure published. Report is current (2025).",https://www.armacell.com/en-GB/document/armacell-sustainability-report-2025 (from https://www.armacell.com/en-US/sustainability-report-2025),companies/ARMACELL/Armacell-Sustainability-Report-2025.pdf
ARMOR IIMAK,https://www.armor-iimak.com/,pdf,2023,33818,,8841,,"ARMOR-IIMAK reports under parent ARMOR GROUP; collected group ARMOR Group CSR Report 2023 (armor-iimak.com sustainability page has no report PDF; report linked from parent armor-group.com). Report gives NO absolute per-scope figures - only a donut chart (p.32-33, visually read) of total group footprint 221,032 Teq CO2 (2023) split Scope 1 = 15.3%, Scope 2 = 4% (electricity), Scope 3 = 80.7%. Derived: Scope 1 = 0.153x221,032 = 33,818; Scope 2 = 0.04x221,032 = 8,841 tCO2e (group-level, not IIMAK-only; Scope 2 basis not stated -> placed in location, inferred). Data covers 01/01/2023-31/12/2023. Confirmed latest available: live armor-group.com page links only the 2023 CSR report (no 2024/25 edition); search agrees.",https://www.datocms-assets.com/75572/1736154689-rapport-rse_2023_en.pdf (linked from https://www.armor-group.com/),companies/ARMOR IIMAK/ARMOR-Group-CSR-Report-2023.pdf
ASCENSUS,https://www.ascensus.com/,none,,,,,,"Ascensus (retirement/HSA/529 recordkeeping services, ascensus.com) publishes no sustainability/ESG section - map (1,134 URLs) has zero sustainability/emissions/climate pages, only regulatory-news articles. Homepage live (HTTP 200). Confirmation search returned only a third-party aggregator estimate (ditchcarbon, excluded) and an unrelated company 'Ascensus Specialties' (chemicals, ascensusspecialties.com - different entity). No Scope 1/2 disclosure.",https://www.ascensus.com/,
ASMODEE,https://www.asmodee.com/,pdf,FY2025/26,1545,1945,1597,,"Values from Asmodee Group Annual & Sustainability Report 25/26, ESRS E1-6 GHG emissions table p.40 (visually confirmed), current-period '25/26' column: Gross Scope 1 = 1,545; Gross location-based Scope 2 = 1,597; Gross market-based Scope 2 = 1,945 tCO2eq. Report is current (FY25/26). Report link came from live corporate.asmodee.com news page (not model memory/direct search hit).",https://storage.mfn.se/c80d63ae-9cfb-4319-aa31-63ea481fdf57/eng-asmodee-group-annual-report-2025-2026.pdf (from https://corporate.asmodee.com/news/asmodee-publishes-annual-and-sustainability-report-for-25-26),companies/ASMODEE/Asmodee-Group-Annual-and-Sustainability-Report-2025-2026.pdf
ASPEN DENTAL,https://www.aspendental.com/,none,,,,,,"Aspen Dental (dental clinic chain) publishes no sustainability/ESG content - map (2,809 URLs) shows only dental-care articles and clinic locators ('carbon' hits are town names e.g. Glen Carbon IL), no ESG section. Homepage curl bot-blocked (403); liveness proven via successful firecrawl live scrape (41 KB, no ESG footer links). Confirmation not needed - no disclosure surface at all. No Scope 1/2 disclosure.",https://www.aspendental.com/,
ASURION LLC,https://www.asurion.com/,none,,,,,,"Asurion (private device-protection/tech-care) sustainability pages (asurion.com/sustainability, /about/corporate-responsibility - live-scraped) focus on device repair/renew/reuse (circular economy) and DEI reports; no GHG inventory or Scope 1/2 figures. Confirmation search found no Asurion emissions report (only unrelated companies). No Scope 1/2 disclosure.",https://www.asurion.com/sustainability,
AGGREKO,https://www.aggreko.com/,pdf,2025,130943,4615,10319,,"Values from GHG Report 2025 p.3 (Table 4, market-based, tCO2e). Scope 2 location-based 10,319 from p.3 footnote. Scope 1 130,943; Scope 2 market 4,615 (2025 col). Sustainability Report 2025 also collected. Visually confirmed on rendered p.3.",https://www.aggreko.com/en-us/about-us/sustainability/sustainability-performance-data; https://bynder.aggreko.com/asset/b6b25a8a-5835-469d-a3ea-a4febd1bd394/GHG-Report-2025.pdf; https://bynder.aggreko.com/asset/1c4a48b1-f671-4f90-b8d4-db6fc511bd90/Aggreko-2025-Sustainability-Report.pdf,companies/AGGREKO/AGGREKO-GHG-Report-2025.pdf; companies/AGGREKO/AGGREKO-Sustainability-Report-2025.pdf
AGILITI,https://www.agilitihealth.com/,pdf,2024,24287,,7970,,"Corporate Citizenship Report (FY2024 data, published 2025) p.9 GHG Inventory table, MT CO2e = tCO2e. Scope 1 24,287; Scope 2 7,970 (2024). Scope 2 basis not stated in report; placed as location-based and inferred per ruling. Report is latest available (search-confirmed newsroom-hosted 2025/10 edition). Visually confirmed on rendered page.",https://newsroom.agilitihealth.com/corporate-citizenship/; https://newsroom.agilitihealth.com/wp-content/uploads/2025/10/corporate-citizenship-report.pdf,companies/AGILITI/AGILITI-Corporate-Citizenship-Report-2025.pdf
AHLSELL,https://www.ahlsell.com/,pdf,2025,3458,1353,2959,,"Sustainability Information Report 2025 p.56, tCO2e. 2025 col: Scope 1 3,458; Scope 2 market 1,353; Scope 2 location 2,959. Input ahlsell.com resolves to group site ahlsellgroup.com (same company, not a rebrand); report hosted on cdn.sanity.io (linked from ahlsellgroup.com/en/sustainability; file size-matched to hash d8c41071...). Visually confirmed on rendered p.56.",https://www.ahlsellgroup.com/en/sustainability; https://cdn.sanity.io/files/tin4ef4v/corpsite-dev/d8c41071e0efa33944174bf866ab65b38dc17000.pdf,companies/AHLSELL/AHLSELL-Sustainability-Information-Report-2025.pdf
AHLSTROM,https://www.ahlstrom.com/,pdf,2025,1083000,379000,,,"Sustainability Data and Targets PDF p.3, reported in thousand tons; converted x1000: Gross Scope 1 1,083k = 1,083,000 tCO2e; Scope 2 market-based 379k = 379,000 tCO2e (2025 col). Only market-based Scope 2 disclosed in data table (no location-based). On-page GHG section is a collapsed accordion (screenshot shows no figures), so PDF used. Visually confirmed on rendered p.3.",https://www.ahlstrom.com/sustainability/sustainability-data-and-targets; https://www.ahlstrom.com/globalassets/sustainability/ahlstrom-sustainability-data-and-targets-2026.pdf,companies/AHLSTROM/AHLSTROM-Sustainability-Data-and-Targets-2025.pdf
AKZONOBEL,https://www.akzonobel.com/,pdf,2025,54664,97513,196690,,"On-page GHG metrics page shows figures but rounded to 0.1 Mt granularity (too coarse per ruling); precise values taken from Annual Report 2025 p.46 (tCO2eq): 2025 Scope 1 54,664; Scope 2 market-based 97,513; Scope 2 location-based 196,690. Both screenshot and AR kept. Visually confirmed on rendered AR p.46.",https://www.akzonobel.com/en/about-us/sustainability/sustainability-reporting/ghg-emissions; https://www.akzonobel.com/content/dam/akzonobel-corporate/global/en/investor-relations-images/result-center/archive-annual-reports/2029-2020/akzonobel-annual-report-2025.pdf,companies/AKZONOBEL/AKZONOBEL-scope-1-2-emissions-page.png; companies/AKZONOBEL/AkzoNobel-Annual-Report-2025.pdf
ALIXPARTNERS,https://www.alixpartners.com/,pdf,2024,452,,1115,,"2024 Impact Report p.13 Historical carbon emissions table, Tonnes CO2e. 2024 col: Scope 1 452; Scope 2 1,115. Scope 2 basis not stated (single figure); placed as location-based and inferred per ruling. Report is the latest linked on company responsible-business/planet page. Visually confirmed on rendered p.13.",https://www.alixpartners.com/our-firm/responsible-business/planet; https://www.alixpartners.com/media/q14pqr0l/alixpartners-2024-impact-report.pdf,companies/ALIXPARTNERS/AlixPartners-2024-Impact-Report.pdf
ALLEN MEDIA LLC,https://allenmedia.tv/,none,,,,,,"Private media company (Byron Allen / Allen Media Group). Site confirmed alive (curl HTTP 200 + successful firecrawl scrape of homepage). Map returned 594 URLs and firecrawl search returned only news/PR content (Weather Channel articles, etc.) - no IR, sustainability, or ESG report published. No Scope 1/2 disclosure found.",https://allenmedia.tv/,
ALLIANCE LAUNDRY SYSTEMS LLC,https://alliancelaundry.com/,pdf,2024,,,,,"2024 ESG Report collected from company's widen.net branded asset host (linked from alliancelaundry.com/sustainability). Report contains NO Scope 1/2 GHG figures - only product energy-savings narrative. Full text extracted and scanned: the word 'scope' is absent; only two incidental 'emission'/'energy savings' mentions, no GHG inventory or tCO2e values. Value cells left empty.",https://alliancelaundry.com/sustainability; https://alliancelaundrysystems.widen.net/s/rnjspxvffv/dl_ax25-0016_report_2024esg_en-ww,companies/ALLIANCE LAUNDRY SYSTEMS LLC/Alliance-Laundry-ESG-Report-2024.pdf
ALMAVIVA SANTE,https://www.almaviva-sante.fr/,pdf,2022,,,,10709.4,"Reported combined only. Latest Sustainability Report 2025 (English), Indicators table p.82: 'Scope 1 + 2 GHG emissions' = 10,709.4 TeqCO2 (=tCO2e), based on 2022 BEGES data (Primum Non Nocere / ADEME Base Carbone); the report marks 2024 and 2025 consolidated Scope 1+2 as 'Not available'. No Scope 1/2 split published (per-facility GHG-by-source charts only, p.47-48). NOTE: prior worker's leftover DPEF-2024.pdf was stale (URL from map only); live hub scrape revealed and I collected the newer 2025 report. Visually confirmed on rendered p.82/p.47.",https://www.almaviva-sante.fr/fr/groupe/developpement-durable; https://www.almaviva-sante.fr/upload/Qualit%C3%A9/ALMA-ENR.RSE.005-V6-Sustainability-report---2025.pdf,companies/ALMAVIVA SANTE/ALMAVIVA-SANTE-Sustainability-Report-2025.pdf
ALPHAGEN,https://www.alphagen.com/,pdf,2024,,,,,"Input matched to current name Alpha Generation LLC (per batch input). alphagen.com publishes no ESG/sustainability content (57 links checked, none ESG). Company is an ArcLight Capital portfolio company; ArcLight's 2025 ESG Report collected (live-scraped from arclight.com/esg). The report's firm-level Scope 1 1,132 / Scope 2 146 tCO2e (p.13/16, '2024 firm-level emissions') are ARCLIGHT'S OWN operational (office) emissions, NOT AlphaGen's power-generation emissions. Full text grepped for 'AlphaGen'/'Alpha Gen' - all hits inspected; no AlphaGen-specific Scope 1/2 breakout exists. Value cells left empty per parent/subsidiary ruling.",https://www.alphagen.com/; https://arclight.com/esg; https://arclight.com/wp-content/uploads/2025/10/2025-ArcLight-ESG-Report.pdf,companies/ALPHAGEN/ArcLight-ESG-Report-2025.pdf
ATHENA HEALTH,https://www.athenahealth.com/,none,,,,,,Sustainability page (athenahealth.com/about/sustainability) is qualitative only ('Our Environment' narrative) - no Scope 1/2 figures and no ESG/emissions report published. Live scrape confirmed site alive; firecrawl search for an athenahealth emissions/ESG report returned none (only unrelated healthcare-sector reports). Privately held (Bain Capital / Hellman & Friedman).,https://www.athenahealth.com/about/sustainability,
ATKORE INT'L,https://www.atkore.com/,pdf,FY2025,24229,,95677,,"Atkore 2025 Sustainability Report p.10 (Scope 1 & 2 MT CO2e table, FY2025), visually confirmed: Scope 1 24,229; Scope 2 95,677 marked '* Location based emissions' (no market-based figure published); third-party limited assurance obtained. Direct PDF URL not live-traceable (report served via JS flipbook viewer on atkore.com; page only exposes 2020/2021 editions) - file content visually verified as the genuine FY2025 report matching Atkore's Feb-2026 release announcement.",https://www.atkore.com/about-us/sustainability,companies/ATKORE INT'L/Atkore-Sustainability-Report-2025.pdf
AUSTIN POWDERS,https://austinpowder.com/,pdf,2025,400487,35940.94,36473.48,,"Austin Powder 2025 Sustainability Report, visually confirmed. Scope 1 total 400,487 tnCO2e (p.65, GRI 305-1 table: stationary 173,412 + mobile 35,432 + fugitive 391 + waste incin. 89 + wastewater 5 + ammonia 44,977 + nitric acid 146,181). Scope 2 (p.67, tCO2e): market-based total 35,940.94; location-based total 36,473.48. tnCO2e=tCO2e. Large Scope 1 driven by nitric-acid/ammonia process emissions.",https://austinpowder.com/wp-content/uploads/2026/06/260515_Sustainability-Report-2025_v7_web.pdf,companies/AUSTIN POWDERS/Austin-Powder-Sustainability-Report-2025.pdf
AUTHENTIC BRANDS,https://corporate.authentic.com/,none,,,,,,"corporate.authentic.com Sustainability/CSR pages carry only narrative story posts (e.g. Earth Day features) - no Scope 1/2 figures and no ESG/emissions report or PDF. Live scrapes of /stories (Sustainability tag) and /csr confirmed site alive; search found no company emissions report. Brand-licensing company (asset-light, no owned manufacturing), privately held.",https://corporate.authentic.com/csr,
AVANTOR INC,https://www.avantorsciences.com/,pdf,2025,36893,31176,34156,,"Avantor 2025 Sustainability Report ('Science for Goodness'), 2025 data, ERM CVS limited assurance. Scope 1 36,893 MTCO2; Scope 2 market-based 31,176; Scope 2 location-based 34,156. Narrative p.28; SASB/data appendix p.52/p.56. MTCO2=tCO2e. Confirmed from both the live web report and the downloaded print PDF (Avantor q4cdn IR host). NOTE: prior worker's file was mislabeled - it was actually Avantor's Global Code of Ethics; replaced with the correct report.",https://www.avantorsciences.com/2025sustainabilityreport; https://s202.q4cdn.com/498171784/files/doc_financials/2025/ar/Avantor-2025-Sustainability-Report-Final-1.pdf,companies/AVANTOR INC/Avantor-2025-Sustainability-Report.pdf
AXPLORA,https://www.axplora.com/,none,,,,,,"axplora.com/axplora-group/esg publishes only qualitative commitments and percentage KPIs (100% renewable energy across French sites, 11% water reduction since 2022) - no absolute Scope 1/2 figures and no GHG/ESG report. Only an India-site CSR policy PDF exists (no emissions data). Live scrape confirmed site alive; search found no emissions report. Privately held pharma CDMO.",https://www.axplora.com/axplora-group/esg,
B&B HOTELS,https://www.hotel-bb.com/,pdf,2024,13680,,13680,,"B&B Hotels group 2024 reports its carbon footprint only as percentages of a rounded 114 kTCO2e total: Scope 1 12%, Scope 2 12%, Scope 3 76% (Sustainability Report 2024 p.17 and Digest p.5, visually confirmed; consistent with the Carbon Disclosure methodology doc's '24% from scope 1&2'). No absolute tonnes and no market/location split published anywhere. Derived values: Scope 1 ~13,680 and Scope 2 ~13,680 tCO2e (12% x 114,000). Scope 2 basis not stated - placed in location column, inferred. Coarse; values approximate (percentages of a ktCO2e-rounded total). Privately held (Goldman Sachs).",https://bbhotels-group.com/wp-content/uploads/2025/10/SUSTAINABILITY-REPORT-2024.pdf; https://bbhotels-group.com/wp-content/uploads/2025/10/20250805_Climate_Communication.pdf,companies/B&B HOTELS/BB-Hotels-Sustainability-Report-2024.pdf; companies/B&B HOTELS/BB-Hotels-Carbon-Disclosure-2025.pdf; companies/B&B HOTELS/BB-Hotels-Sustainability-Report-Digest-2024.pdf
BANIJAY,https://group.banijay.com/,pdf,2025,11528,6290,5823,,"Banijay Group N.V. 2025 Universal Registration Document p.95 (Sustainability Statement, 'Gross Scopes 1, 2 and 3', in tCO2e), visually confirmed: Gross Scope 1 11,528; Scope 2 location-based 5,823; Scope 2 market-based 6,290. Group total (components: Banijay Entertainment 11,501 + Betclic 27 + BGNV for Scope 1). Latest URD (2025 edition).",https://group.banijay.com/wp-content/uploads/2026/04/BANIJAYGROUPURD2025EN10042026.pdf,companies/BANIJAY/Banijay-Group-Universal-Registration-Document-2025.pdf
BARENTZ,https://www.barentz.com/,pdf,2025,5063.39,925.61,3416.59,,"Barentz Corporate Sustainability Report 2025 (ESG report) p.35 'Scope 1 and 2' table, tCO2eq, all figures third-party assured, visually confirmed: Scope 1 (2025) 5,063.39; Scope 2 market-based 925.61; Scope 2 location-based 3,416.59. Input matched to current name 'Barentz' (per batch input).",https://www.barentz.com/media/sajlzcun/barentz-esg-report-final.pdf,companies/Barentz/Barentz-Corporate-Sustainability-Report-2025.pdf
BASS PRO,https://www.basspro.com/,none,,,,,,"basspro.com is a retail/product site with no corporate sustainability or emissions-reporting section - map returned ~3,000 URLs, essentially all product pages, no ESG/GHG pages. Live homepage scrape confirmed site alive; multiple searches found no Bass Pro Shops emissions/ESG/sustainability report (only unrelated third-party results). Privately held (Johnny Morris); conservation-focused but publishes no Scope 1/2 data.",https://www.basspro.com/,
ENVALIOR,https://www.envalior.com/,pdf,2025,261201,115313,220679,,"Values from Envalior Sustainability Metrics 2025 p.2 (in t CO2e), externally audited data points (green-dot marked). Scope 1 261,201; Scope 2 location-based 220,679; Scope 2 market-based 115,313; company also states Total Scope 1+2 market-based 375,925 (split recorded per policy). Report PDF also collected. Metrics doc reached via en-us Sustainability Reporting & Metrics page, hosted on branded host assets.envalior.com.",https://www.envalior.com/en-us/sustainability-reporting-metrics ; https://assets.envalior.com/document_97bctc2pdl0ff5idik4ppceu2b ; https://assets.envalior.com/document_trauvgan5t55t255mni2pt9u0e,companies/ENVALIOR/Envalior-Sustainability-Metrics-2025.pdf; companies/ENVALIOR/Envalior-Sustainability-Report-2025.pdf
ENVESTNET,https://www.envestnet.com/,pdf,2023,78,2969,2969,,"Values from Envestnet Environmental Metrics PDF (published 2024-07) p.1, in tCO2e, latest year 2023. Scope 1 78; Scope 2 location-based 2,969; Scope 2 market-based 2,969 (identical, both stated). Linked from live corporate-social-responsibility page. Confirmed latest available: Envestnet taken private by Bain Capital late 2024; staleness search surfaced no newer company report.",https://www.envestnet.com/corporate-social-responsibility ; https://www.envestnet.com/sites/default/files/2024-07/Envestnet-Environmental-Metrics.pdf,companies/ENVESTNET/Envestnet-Environmental-Metrics-2024.pdf
EQUINIX,https://www.equinix.com/,pdf,2024,59400,253300,2645700,,"Values from Equinix 2024 Sustainability Data Summary p.4 (table 1.1.1 GHG Emissions by Scope), units mtCO2e = tCO2e. 2024 column: Scope 1 59,400; Scope 2 location-based 2,645,700; Scope 2 market-based 253,300 (Subtotal S1+S2 market 312,700). PDF linked from live sustainability-data-summary page; on-page text only carried a reduction narrative, so PDF path used.",https://www.equinix.com/resources/data-sheets/sustainability-data-summary ; https://www.equinix.com/content/dam/eqxcorp/en_us/documents/resources/data-sheets/ds_sustainability_data_en.pdf,companies/EQUINIX/Equinix-Sustainability-Data-Summary-2024.pdf
ERM,https://www.erm.com/,pdf,FY2025,1024,101,1454,,"Values from ERM 2025 Sustainability Performance Data Supplement: Scope 1 total FY25 1,024 tCO2e (p.16, GRI 305-1); Scope 2 total FY25 location-based 1,454, market-based 101 (p.17, GRI 305-2). FY25 = year ending 31 Mar 2025. Combined S1+2 total cross-checks to 2,478 tCO2e per p.19. Report + data supplement collected; both reached from live erm.com/sustainability-report-2025 hub.",https://www.erm.com/sustainability-report-2025/ ; https://www.erm.com/globalassets/sr2025/erm_data_supplement_2025_final.pdf ; https://www.erm.com/globalassets/sr2025/2025_erm_sustainability_report.pdf,companies/ERM/ERM-Data-Supplement-2025.pdf; companies/ERM/ERM-Sustainability-Report-2025.pdf
ETRAVELI,https://www.etraveligroup.com/,pdf,2025,47,842,,,"Values from Etraveli Group Sustainability Statement 2025 (Annual Report 2025) p.18, in tCO2e. Gross Scope 1 47; Gross market-based Scope 2 842. Only market-based Scope 2 reported (market-based method applied, p.19); no location-based figure published. Report PDF linked from live sustainability page.",https://www.etraveligroup.com/sustainability ; https://www.etraveligroup.com/wp-content/uploads/Sustainability-Statement-2025_etraveligroup.com_sustainability.pdf,companies/ETRAVELI/Etraveli-Sustainability-Statement-2025.pdf
EVERSANA,https://www.eversana.com/,none,,,,,,"No absolute Scope 1/2 figures published. Live corporate-social-responsibility page and sustainability-report insight page carry only qualitative commitments and a science-based target (63% reduction in Scope 1+2). Search confirmed only targets/baseline narrative, no report PDF with figures. Site confirmed alive via successful scrapes. Private company (JLL Partners/Water Street).",https://www.eversana.com/about/our-corporate-social-responsibility ; https://www.eversana.com/insights/eversanas-sustainability-report-our-commitment-to-a-healthier-world,
EW SCRIPPS,https://www.scripps.com/,pdf,2023,,,,,"No absolute Scope 1/2 figures published. Collected 2023 Scripps ESG Report (latest; company's own domain) which states (p.3, p.10) it is still calculating a Scope 1/2 baseline via a third-party consultant - no tonnage disclosed. Live CSR overview Environment section is qualitative only (LED retrofits, recycling). No newer E.W. Scripps ESG report found (a '2024 Scripps sustainability report' search hit was a college campus, not the media company).",https://scripps.com/overview/ ; https://scripps.com/wp-content/uploads/2023/04/2023-Scripps-ESG-.pdf,companies/EW SCRIPPS/Scripps-ESG-Report-2023.pdf
EXACT SOFTWARE,https://www.exact.com/,pdf,2024,,,,,"input matched to current name EXACT (per batch input). No absolute Scope 1/2 figures published. Collected Exact 2024 Responsible Business Programme achievements brochure (12 pp, published Mar 2025, hosted on branded host files.exact.com) - find-ghg verdict NONE, no GHG/Scope keywords; only qualitative 'we think green' commitments. CFO news notes Exact is still preparing for CSRD reporting. Site alive via scrape. Private (KKR-owned).",https://www.exact.com/about-us/responsible-business ; https://files.exact.com/static/downloads/Exact%202024%20Responsible%20Business%20Programme%20achievements%20March%202025.pdf,companies/EXACT SOFTWARE/Exact-Responsible-Business-Achievements-2024.pdf
EXAMWORKS,https://www.examworks.com/,none,,,,,,No ESG/sustainability disclosure found. Map returned only 28 URLs (0 sustainability/report/pdf hits); homepage scraped successfully (site alive) with no environmental/ESG content; search found no ExamWorks-specific ESG or emissions report. Private company (CVC-owned independent medical exam services).,https://www.examworks.com/,
EXCLUSIVE NETWORKS,https://www.exclusive-networks.com/,pdf,2024,12285,,197,,"Values from Exclusive Networks SA Statement of Non-Financial Performance (DPEF) 2024, EN version, section 6.3 Climate Change (PDF p.18 / printed p.16), in tCO2e. Scope 1 12,285; Scope 2 location-based 197; market-based Scope 2 row left blank (not disclosed). Cross-checks: 12,285 + 197 + Scope 3 751,629 = Total location-based 764,111 (matches report). Report reached from live ir.exclusive-networks.com/sustainability hub; 2024 DPEF (uploaded Mar 2026) is latest.",https://ir.exclusive-networks.com/sustainability/ ; https://ir.exclusive-networks.com/wp-content/uploads/2026/03/Final-DPEF-2024-ENG-no-business-model-2.pdf,companies/EXCLUSIVE NETWORKS/Exclusive-Networks-DPEF-CSR-Report-2024.pdf
INOVIE,https://www.inovie.fr/,none,,,,,,"No Scope 1/2 disclosure on company site. Liveness confirmed via live scrape of inovie.fr/notre-engagement-qualite/ (200, no carbon data). Map (2131 URLs) filtered for esg/rse/durable/emission/report and site-specific search 'developpement durable RSE site:inovie.fr' both returned no sustainability/ESG report; only quality, news and lab-locator pages exist. (A third-party Greenly 'Labosud Bilan Carbone' case study exists but is not company-published evidence.)",https://www.inovie.fr/,
INSPIRED EDUCATION,https://inspirededu.com/,none,,,,,,"No Scope 1/2 disclosure. Liveness confirmed via live scrape of inspirededu.com/section-172-statement (200; no SECR/carbon/emissions content). Map (220 URLs) had no ESG/sustainability pages; searches returned only unrelated entities (Inspired PLC energy consultancy, TAL Education, IFF, etc.), none belonging to Inspired Education Group.",https://inspirededu.com/,
INTEL,https://www.intel.com/,pdf,2025,1274000,49000,3311000,,"From 2025-26 Intel Corporate Responsibility Report p.35 '2025 GHG Emissions Reported by Category (metric tons CO2e)': Scope 1 (Direct) 1,274,000; Scope 2 market-based 49,000 (Scope 1+2 total 1,323,000). Scope 2 location-based 3,311,000 per footnote 2 on p.35. Values in metric tons CO2e = tCO2e. Report confirmed latest via live Intel corporate-responsibility.html page. Visually verified on rendered p.35.",https://csrreportbuilder.intel.com/pdfbuilder/pdfs/CSR-2025-26-Full-Report.pdf,companies/INTEL/Intel-Corporate-Responsibility-Report-2025-26.pdf
INTERNET BRANDS,https://www.internetbrands.com/,none,,,,,,"No Scope 1/2 disclosure. Liveness confirmed via live scrape of internetbrands.com/work-with-us (200; no carbon/emissions content). Map (29 URLs) had no ESG/sustainability pages; search returned only unrelated companies (Spectrum Brands, ExxonMobil, eHealth, IFF, Imperial Brands), none belonging to Internet Brands.",https://www.internetbrands.com/,
INTRAFI,https://www.intrafi.com/,none,,,,,,"No Scope 1/2 disclosure. Liveness confirmed via curl -sSI homepage (HTTP 200). Map (2982 URLs) filtered for esg/sustain/emission/report/carbon returned zero hits; search returned only unrelated entities (Bank of America, PCAF, NGFS, IIF, RAFI), none belonging to IntraFi.",https://www.intrafi.com/,
IRCA,https://www.ircagroup.com/,pdf,2024,22025,15452,21599,,"From IRCA Group Sustainability Report 2024, Data Index p.58 (FY2024, tCO2eq): Scope 1 22,025; Scope 2 Location-Based 21,599; Scope 2 Market-Based 15,452 (Total S1+S2 LB 43,624 / MB 37,477). Report link taken from live sustainability-reports hub page. Visually verified on rendered p.58.",https://www.ircagroup.com/sites/all/efs/irca/public/sustainability-reports/file/2025-09/IRCA%20Group%20-%20Sustainability%20report%202024_0.pdf,companies/IRCA/IRCA-Group-Sustainability-Report-2024.pdf
ITP AERO,https://www.itpaero.com/,pdf,2025,11707,42,19767,,"From ITP Aero Sustainability Report 2025, p.48 'ITP Aero Group GHG Emissions (tCO2e)', 2025 column: Scope 1 11,707; Scope 2 market-based 42; Scope 2 location-based 19,767 (Total S1+S2 market 11,749). Report link from live sustainability page (latest, published 06/2026). Visually verified on rendered p.48.",https://www.itpaero.com/wp-content/uploads/2026/06/ITP-Aero-Sustainability-Report-2025.pdf,companies/ITP AERO/ITP-Aero-Sustainability-Report-2025.pdf
IU GROUP,https://www.iu-group.com/,pdf,2024,,,,,"Intensity-only reporter; no absolute Scope 1/2 tCO2e figures published. IU Group Sustainability and Social Impact Report 2024 p.64 reports GHG per student (Scope 1+2) = 0.0091 tCO2e/student in 2024 and emissions structure (4% Scope 1, 3% Scope 2, 93% Scope 3); p.60 states total Scope 1+2 rose 8.5% but gives no absolute value. Report confirmed latest via live sustainability.iu-group.com blog page. Visually verified p.60/64.",https://cdn.prod.website-files.com/644a93e72414e16321c5eff6/686239c03c1cb23c4bbf21db_IU_Group_Sustainability_and_Impact_Report_2024_compressed.pdf,companies/IU GROUP/IU-Group-Sustainability-and-Social-Impact-Report-2024.pdf
IVANTI,https://www.ivanti.com/,screenshot,2024,189,,1599,,"On-page KPI table in Ivanti 2025 Sustainability Report (first annual report). Latest data column is 2024: Scope 1 189 tCO2e; Scope 2 1,599 tCO2e (Scope 3 26,539; total 28,326). Scope 2 basis (market vs location) not stated; placed in location column per default rule and marked inferred. Full-page screenshot captured; KPI table visible near foot of page. Values read from scraped page markdown.",https://www.ivanti.com/company/sustainability-report,companies/IVANTI/Ivanti-scope-1-2-emissions-page.png
IVIRMA,https://www.ivirma.com/,pdf,2025,1474,4137,,,"From IVIRMA Sustainability Report 2025, p.60 '2025 GHG Emissions by Scope': Scope 1 1,474 tCO2e; Scope 2 4,137 tCO2e (Scopes 1+2 = 5,611; Scope 3 92,267). Single Scope 2 figure; classified market-based (inferred) because p.61 states emissions use Guarantees of Origin retired in their name aligned with GHG Protocol Scope 2 Guidance and the -18.8% reduction is driven by renewable electricity. Report link from live sustainability/reports page (latest). Visually verified p.60/61.",https://ivirma.com/uploads/media/default/0001/01/c475cb47eeb9686c484beaa16ef36f96e625622a.pdf,companies/IVIRMA/IVIRMA-Sustainability-Report-2025.pdf
HBX GROUP,https://www.hbxgroup.com/,pdf,2025,143,130,119,,"ESG Report 2025 (Consolidated SNFI), GHG emissions table p.89; Scope 2 reported on both bases (market-based 130, location-based 119); Scope 1 143 tCO2e; 2025 set as baseline year (99.9% of footprint is Scope 3). Values visually confirmed on rendered p.88-89. PDF on company Q4 IR CDN (s205.q4cdn.com) linked from company press release.",https://www.hbxgroup.com/news-room/press-release/hbx-group-publishes-its-2025-sustainability-report-strengthening ; https://s205.q4cdn.com/629386486/files/doc_downloads/esg_reports/HBX-Group-ESG-Report-2025.pdf,companies/HBX GROUP/HBX-Group-ESG-Report-2025.pdf
HERMAN MILLER INC,https://www.millerknoll.com/,pdf,2025,36031,0,47189,,"Better World Report 2025, GHG data table p.21 FY2025 column; Scope 1 (direct) 36,031; Scope 2 location-based 47,189; Scope 2 market-based shown as '-' i.e. zero due to 100% renewable electricity procurement (footnote 1). Values visually confirmed. Also collected company's assured FY2024 GHG Emissions Statement (older year) as supporting evidence. PDFs on branded host library.hermanmiller.group. Input matched to current name MillerKnoll (per batch input).","https://news.millerknoll.com/2025-11-10-Designing-a-Better-Tomorrow-MillerKnolls-2025-Better-World-Report-Highlights-Impact-Across-Planet,-People,-and-Community-Pillars ; https://library.hermanmiller.group/m/5a30c88fa0ea7fa7/original/MillerKnoll_BetterWorldReport_2025.pdf",companies/HERMAN MILLER INC/MillerKnoll-Better-World-Report-2025.pdf ; companies/HERMAN MILLER INC/MillerKnoll-GHG-Emissions-Statement-FY2024.pdf
HEARTLAND DENTAL,https://heartland.com/,none,,,,,,No Scope 1/2 disclosure found. Site alive (homepage live-scraped; curl HTTP 200). Map returned 78 URLs with zero sustainability/ESG/report/carbon pages; homepage has no ESG links. firecrawl search surfaced only a third-party aggregator (ditchcarbon) and the unrelated 'Heartland Express' trucking firm - no own-company emissions report. Heartland Dental (US dental support organization) publishes no GHG data.,https://heartland.com/,
HIGHTOWER HOLDING LLC,https://hightoweradvisors.com/,none,,,,,,"No corporate Scope 1/2 disclosure found. Site alive (homepage live-scraped; curl HTTP 200). Map (46 URLs) and homepage have no sustainability/ESG/report pages. firecrawl search surfaced only client-facing 'Sustainable Investing' product material and unrelated firms' reports (State Street, Welltower, AIG) - no own operational emissions report. Hightower (wealth-management RIA) publishes no GHG data.",https://hightoweradvisors.com/,
HILLMAN GROUP,https://www.hillmangroup.com/,pdf,2024,,,,31725,"ESG Fact Sheet 2025 (published Oct 2025), Table 1 p.3 - reports combined Scope 1 & 2 only (not split): 2024 = 31,725 MT CO2e (=tCO2e). Reported combined only; Scope 2 basis (market vs location) not stated. Figure was updated for a prior miscalculation per footnote 7 (Figure 1 chart shows the superseded ~47k value; Table 1 is authoritative). Values visually confirmed on rendered p.2-3. PDF on company Shopify CDN linked from hillmangroup.com/pages/esg.",https://www.hillmangroup.com/pages/esg ; https://cdn.shopify.com/s/files/1/0839/4181/8655/files/ESG_Fact_Sheet_FINAL_10.2025_b8db5d9b-0654-4af5-8827-baaae21d7928.pdf,companies/HILLMAN GROUP/Hillman-ESG-Fact-Sheet-2025.pdf
HIRERIGHT,https://www.hireright.com/,pdf,2025,8,,1050,,"ESG Report 2025, p.7 'CY2025 Carbon Footprint' donut chart: net GHG total 39,332 tCO2e split Scope 1 0.02% / Scope 2 2.67% / Scope 3 97.31%. No absolute Scope 1/2 table published - values DERIVED from chart percentages: Scope 1 = 0.02% x 39,332 ~ 8 tCO2e (very coarse - 0.02% rounding makes this an order-of-magnitude estimate), Scope 2 = 2.67% x 39,332 ~ 1,050 tCO2e. Scope 2 basis not stated (report uses both location- and market-based; 0% renewable energy so market ~ location); placed in location and marked inferred. Report describes SBTi targets and CDP submission shared privately. PDF on Contentful CDN (assets.ctfassets.net) linked from hireright.com/pdfs/ESG_Report_2025 viewer.",https://www.hireright.com/pdfs/ESG_Report_2025 ; https://assets.ctfassets.net/tmcb0v2sc9iu/68oeIAIKlMrw0sWnEv3Iqr/45822edc645a5b9c1268c5a1d955e2b0/ESG_Report_2025.pdf,companies/HIRERIGHT/HireRight-ESG-Report-2025.pdf
HUB INTERNATIONAL LIMITED,https://www.hubinternational.com/,none,,,,,,"No Scope 1/2 emissions disclosure found. Site alive (about-us live-scraped, 47k chars; note curl homepage returned 403 bot-block but Firecrawl scrape succeeded). Map (2,988 URLs) has no sustainability/ESG/CSR report page; only ESG-adjacent link is an 'environmental insurance' product. Three firecrawl searches surfaced only a client risk survey ('2026 North American Report') and unrelated firms' reports - no own corporate emissions report. HUB International (private insurance broker) publishes no GHG data.",https://www.hubinternational.com/,
HUNTER DOUGLAS,https://www.hunterdouglasgroup.com/,none,,,,,,"No group-level Scope 1/2 disclosure found on the assigned site. hunterdouglasgroup.com is a thin corporate directory (map 236 URLs = worldwide offices/team only; homepage live-scraped, ~2k chars, no ESG links). firecrawl search surfaced only division/product sites (hunterdouglasarchitectural.com, hunterdouglascomponents.com - separate domains with product sustainability brochures, not group GHG figures) and the unrelated 'Douglas Group' cosmetics retailer. Flagged for human ruling on whether a division report should be pursued/counted; group holding (private, 3G Capital-owned) appears to publish no corporate Scope 1/2 data.",https://www.hunterdouglasgroup.com/,
HUSKY INTERNATIONAL,https://www.husky.co/,pdf,2024,4554,22082,15832,,"ESG Report 2024 (latest), Environmental Metrics table p.59, 2024 column; Total Scope 1 4,554; Total Scope 2 location-based 15,832; Total Scope 2 market-based 22,082 tCO2e. Values visually confirmed on rendered page. PDF on company CMS asset host (husky.co/contentassets) linked from husky.co/en/about-us/sustainability.",https://www.husky.co/en/about-us/sustainability ; https://www.husky.co/contentassets/bc6f4046e4a645d381503a87fd617e80/2024-esg-report.pdf,companies/HUSKY INTERNATIONAL/Husky-ESG-Report-2024.pdf
HYPERION INSURANCE GROUP,https://www.howdengroupholdings.com/,pdf,2025,504,,4288,,"Howden Sustainability Report 2025, 'Group emissions' table p.37 (financial year 1 Jan-31 Dec 2025): Total Scope 1 504; Total Scope 2 location-based 4,288 tCO2e; only location-based reported (no market-based figure). Total Scope 1+2+3 location-based 95,453. Values visually confirmed on rendered page. PDF on company's own site. Input matched to current name Howden Group Holdings (per batch input; Howden is the rebrand of Hyperion Insurance Group).",https://www.howdengroupholdings.com/reports/2025-sustainability-report ; https://www.howdengroupholdings.com/sites/default/files/2026-06/sustainability-report-2025.pdf,companies/HYPERION INSURANCE GROUP/Howden-Sustainability-Report-2025.pdf
JANE STREET,https://www.janestreet.com/,none,,,,,,"Private proprietary trading firm; no ESG/sustainability/emissions disclosure. Map returned 123 URLs, zero sustainability/climate/emission pages; homepage live (curl HTTP 200). No Scope 1/2 published.",https://www.janestreet.com/,
JANNEY MONTGOMERY SCOTT,https://www.janney.com/,none,,,,,,"Broker-dealer / wealth-management subsidiary of Penn Mutual. Own site live (scraped) but has no sustainability/ESG/emissions pages (1,271 URLs mapped, 0 climate/carbon hits; 'our-commitment' page is client-relationship content). Search found no Penn Mutual Scope 1/2 disclosure. No Scope 1/2 published on own site or parent.",https://www.janney.com/; https://www.janney.com/about/meet-janney/our-commitment,
KANTAR,https://www.kantar.com/,pdf,2024,3388,9118,,,"Values from Kantar UK Limited Carbon Reduction Plan (SECR/PPN 06-21), p.3 'Current Emissions Reporting, Reporting Year 2024': Scope 1 = 3,388 tCO2e, Scope 2 = 9,118 tCO2e (Market Based). Location-based not separately stated in the CRP. IMPORTANT: this is the UK entity (Kantar UK Limited), NOT the global Kantar group (Kantar Global Holdings Sarl, under which SBTi targets sit) - global group absolute Scope 1/2 not separately published/found. Document hosted on kantar.com (company's own site). Baseline year 2022.",https://www.kantar.com/uki/-/media/9516DE178C594ADBAAFB449DC1F1CEEB.ashx,companies/KANTAR/Kantar-Carbon-Reduction-Plan.pdf
KBR,https://www.kbr.com/,pdf,2023,5746,0,22171,,"From KBR Inc 2023 Sustainability & Corporate Responsibility Report, Appendix '2023 Data Index' p.104, 'Our corporate carbon Footprint (kg CO2) (in 000s)'. Latest column 2023: Scope 1 = 5,746; Scope 2 market-based = 0 (100% renewable electricity via RECs/I-RECs); Scope 2 location-based = 22,171. Units stated as thousands of kg CO2 = tCO2 (table labeled 'kg CO2', not CO2e). Confirmed latest FULL data report: live reporting hub links FY2024/25 'Delivering Sustainability' Foleon microsite (narrative only, no GHG data table) plus this 2023 PDF.",https://www.kbr.com/sites/default/files/documents/2024-10/KBR-Sustainability-and-Corporate-Responsibility-Report-2023.pdf,companies/KBR/KBR-Sustainability-Corporate-Responsibility-Report-2023.pdf
KEREIS,https://www.kereis.com/,none,,,,,,"Private French insurance broker. CSR/RSE content only ('Kereis 4 Impact', 'Make it Better' strategy, 'Accelerer notre transition ecologique') - narrative commitments, no absolute Scope 1/2 tCO2e figures. Scraped kereis-4-impact and /engagements/ pages (live), grep for scope/emission/bilan carbone: none. No downloadable RSE/durabilite report with GHG data found via search. Site live.",https://www.kereis.com/engagements/; https://www.kereis.com/kereis-4-impact,
KEYLOOP,https://keyloop.com/,pdf,2024,,,,,"ESG Impact Report 2025 (data year 2024) collected from keyloop.com (link confirmed on live /our-responsibilities page). GLOBAL GROUP discloses intensity only: Scope 1 = 0.19, Scope 2 = 1.35, Scope 3 = 0.98 tCO2e per GBPm total assets (p.12). Absolute figures are 'SECR (UK only)' for Keyloop (UK) Ltd, by source not a clean Scope split: 2024 electricity/Scope 2 (location-based) = 469 tCO2e; Scope 1 (natural gas 11 + diesel 3 + refrigerant 53) = 67 tCO2e; fuel-for-business-travel 342 tCO2e basis ambiguous; total 878 tCO2e. Air travel 1,735 tCO2e (Scope 3). Left group absolute cells empty: group is intensity-only and UK SECR is a sub-entity, not global group Scope 1/2.",https://www.keyloop.com/app/uploads/2026/02/keyloop-ESG-Impact-report-v5-1.pdf,companies/KEYLOOP/Keyloop-ESG-Impact-Report-2025.pdf
KILOUTOU,https://www.kiloutou-group.com/,pdf,2024,43758,1858,1895,,"From Rapport d'Engagement 2024 (ESRS sustainability-indicators table 'Du 1er janvier au 31 decembre 2024'), report p.88-89 = PDF p.45, Groupe perimeter, auditor-reviewed (*): E1-1.1 Scope 1 = 43,758; E1-1.3 Scope 2 (Location-Based) = 1,895; E1-1.5 Scope 2 (Market-Based) = 1,858 tCO2eq (2024 column). Report hosted on kiloutou.com (company's own domain; input site was kiloutou-group.com - same company).",https://www.kiloutou.com/content/uploads/sites/12/2025/06/kiloutou-rapport-engagement-2024-web-1.pdf,companies/KILOUTOU/Kiloutou-Rapport-Engagement-2024.pdf
KINDRED AT HOME,https://www.centerwellhomehealth.com/,pdf,2025,,,,,"Input matched to current name CenterWell Home Health (per batch input). CenterWell Home Health is a subsidiary brand of Humana Inc and does not report its own GHG inventory (own site: 495 URLs, 0 sustainability/emissions hits). Collected parent Humana's 2025 Impact Report (from humana.com/about/impact, latest edition). CenterWell is named throughout but NOT broken out for Scope 1/2 (grep for 'CenterWell'/'Kindred', all hits reviewed - only a narrative note that CenterWell Home Health fleet drove a Scope 1 reduction). Humana GROUP figures for reference (p.74, mtCO2e, 2025 year-end): Scope 1 = 41,913; Scope 2 market-based = 54,678; Scope 2 location-based = 56,377. Subsidiary value cells left empty per parent-report rule.",https://assets.humana.com/is/content/humana/2025_Humana_Impact_Reportpdf,companies/KINDRED AT HOME/Humana-Impact-Report-2025.pdf
LANDAL,https://www.landal.com/,none,,,,,,"Landal GreenParks (holiday-park operator, owned by Awaze). Extensive consumer-facing sustainability marketing ('Echt liefde voor de natuur', /duurzaamheid, /about-landal/green, klimaatneutraal initiatives) but NO absolute Scope 1/2 tCO2e figures and no downloadable sustainability/GHG report (scraped green + duurzaamheid hubs live, 2,999 URLs mapped; grep scope/co2/emissie/ton: none; no report links). No Landal or Awaze group Scope 1/2 report found via search. Site live.",https://www.landal.com/duurzaamheid; https://www.landal.com/about-landal/green,
LCI INDUSTRIES,https://www.lci1.com/,pdf,2024,41661,,72399,,"From LCI Industries (Lippert) Corporate Sustainability Report 2024, Operational Data table p.11 (link from live corporate.lippert.com/about/sustainability, Cloudinary asset, Jan-2026 version). 2024 column: Scope 1 = 41,661 MT CO2e; Scope 2 (location-based) = 72,399 MT CO2e. Only location-based reported (no market-based). Emissions cover North America facilities only (per footnote). 2022 Scope 1 figure on page is truncated in text ('53,34') but not needed - 2024 is latest.",https://res.cloudinary.com/lci-cloudinary/image/upload/v1767987469/Web%20Assets/Corporate/Corporate_Sustainability_Report.pdf,companies/LCI INDUSTRIES/LCI-Industries-Corporate-Sustainability-Report-2024.pdf
CORELOGIC INC,https://www.corelogic.com/,pdf,2025,,,,,"Input domain corelogic.com redirects to cotality.com (company rebranded to Cotality). Collected the 2025 Cotality/CoreLogic Impact Report (hosted on company own domain pages.corelogic.com). Report has a 'Sustaining our environment' section but it is qualitative only (LEED-certified facilities, renewable power sourcing) - no absolute Scope 1/2 tCO2e figures; full-text grep for scope/ghg/tco2/emission/metric-ton returned zero hits across all 33 pages. Report URL was a direct-PDF search hit; live hosting page not re-confirmable on the rebranded Cotality site.",https://pages.corelogic.com/hubfs/Archive/CoreLogic%20NA/Brand/2025%20Impact%20Report.pdf,companies/CORELOGIC INC/CoreLogic-Impact-Report-2025.pdf
CORIALIS,https://www.corialis-group.com/,none,,,,,,"Site alive (sustainability pages scraped successfully). Corialis publishes only reduction TARGETS on its sustainability/environment page (SBTi-validated near-term target to cut absolute Scope 1+2+3 GHG by 25.5% by 2030 from a 2022 base year; 100% renewable electricity by 2030) - no absolute Scope 1/2 tCO2e figures. Site has only four sustainability subpages (approach/environment/social/governance); no downloadable sustainability or annual report PDF anywhere on the domain, and a search for a Corialis report returned only third-party generic pages. Targets are not reported data per the decision rule.",https://corialis-group.com/sustainability/environment,
CORNERSTONE ONDEMAND,https://www.cornerstoneondemand.com/,screenshot,2024,188,,1542,,"Full-page screenshot of company ESG page, which publishes exact 2024 global emissions: Scope 1 = 188 tCO2e, Scope 2 = 1,542 tCO2e, Scope 3 = 32,535 tCO2e, Total 34,265 tCO2e. Scope 2 basis (market vs location) not stated on page - recorded under scope2_location and basis inferred. Figures visually confirmed on the screenshot.",https://www.cornerstoneondemand.com/environmental-social-governance/,companies/CORNERSTONE ONDEMAND/CORNERSTONE-ONDEMAND-scope-1-2-emissions-page.png
CORPORATION SERVICE COMPANY,https://www.cscglobal.com/,pdf,FY2024,107.27,,1611.10,,"Values from CSC 'Our Impact 2025' report p.22 (Greenhouse Gas Emissions), data covers FY2024: Scope 1 = 107.27 tCO2e, Scope 2 = 1,611.10 tCO2e, Scope 3 = 19,672.47 tCO2e. Scope 2 basis (market vs location) not stated - recorded under scope2_location and inferred. Report published 2025, live-linked from company sustainability page. Values visually confirmed on rendered page.",https://www.cscglobal.com/cscglobal/pdfs/2025-CSC-Impact-Report.pdf (linked from https://www.cscglobal.com/service/about/sustainability/),companies/CORPORATION SERVICE COMPANY/CSC-Impact-Report-2025.pdf
CRANE NXT,https://www.cranenxt.com/,pdf,2024,48277.14,32125.42,26547.61,,"Values from Crane NXT 2025 Impact Report p.16 (Climate Change data table, '2024 Performance'): Scope 1 = 48,277.14 MT CO2e, Scope 2 location-based = 26,547.61, Scope 2 market-based = 32,125.42. Table footnote: excludes Crane Authentication and fleet vehicles for 2024. MT CO2e = tCO2e. Report live-linked from investors.cranenxt.com Impact Program page. Values visually confirmed on rendered page.",https://s202.q4cdn.com/225992893/files/doc_downloads/ImpactReport/2025/09/Impact-Report-24-Sept-2025.pdf (linked from https://investors.cranenxt.com/Impact-Program/default.aspx),companies/CRANE NXT/Crane-NXT-Impact-Report-2025.pdf
CREATIVE PLANNING,https://creativeplanning.com/,none,,,,,,"Site alive (pages scraped successfully). Creative Planning is a private wealth-management firm; no corporate sustainability/ESG report and no Scope 1/2 emissions disclosure found. Its 'Social Impact' page is about values-based/ESG investing for clients, not its own operational emissions. Map + search surfaced only articles, podcasts, and regulatory Form ADV PDFs.",https://creativeplanning.com/private-wealth-management/social-impact/,
CULLIGAN,https://www.culligan.com/,pdf,2025,67110,,21401,,"Values from Culligan International 2025 ESG Report - narrative p.36 and Energy Index p.92 (2025 data): Scope 1 = 67,110 tCO2e, Scope 2 = 21,401 tCO2e, Scope 3 = 2,065,262 tCO2e (S1+S2 = 88,511). Report text (p.80) states both market- and location-based Scope 2 are disclosed, but the Energy Index table shows a single undifferentiated Scope 2 total of 21,401 - recorded under scope2_location and basis inferred. Report collected via the LIVE impact page, which linked the 2025 edition (newer than the 2024 edition a direct search returned). Hosted on company corporate domain culliganinternational.com (input site culligan.com is the US consumer brand). Values visually confirmed on rendered pages.",https://wp.culliganinternational.com/wp-content/uploads/2026/06/Culligan-International-2025-ESG-Report.pdf (linked from https://culliganinternational.com/impact),companies/CULLIGAN/Culligan-International-ESG-Report-2025.pdf
CURRENTA,https://www.currenta.com/,none,,,,,,"Input domain www.currenta.com redirects (301) to www.currenta.de/en/ (site alive, homepage scraped successfully). Mapped both the English (/en/, ~148 URLs) and German-root (~107 URLs) sites and searched for a Currenta Nachhaltigkeitsbericht/sustainability report - found no sustainability or ESG report and no Scope 1/2 disclosure on the company's own site (thin corporate site; keyword hits were only 'fire-safety day' news and lab-testing service pages). No downloadable report PDF exists on-domain.",https://www.currenta.de/en/,
CUSHMAN & WAKEFIELD,https://www.cushmanwakefield.com/,screenshot,2025,,,,,"C&W publishes its 2025 Sustainability Report only as a JavaScript flipbook (digital.cushmanwakefield.com / cushwake.cld.bz, ~84 pp) with NO downloadable PDF and no text layer - Firecrawl scrape, the alternate cld.bz host, the summary version, and a live browser session all failed to render/extract it (repeated timeouts, no page text). The company's own sustainability page (captured as full-page screenshot evidence) publishes only reduction figures/targets, not absolute values: 'achieved a 54.1% reduction in Scope 1 and 2 GHG emissions since 2019 (4.9% in 2025)' and target to reduce absolute Scope 1+2 by 73.1% by 2034 vs 2019. Absolute Scope 1/2 tCO2e figures could not be machine-extracted from any on-domain source.",https://www.cushmanwakefield.com/en/about-us/sustainability (report: https://digital.cushmanwakefield.com/2025-sustainability-report/),companies/CUSHMAN & WAKEFIELD/CUSHMAN-WAKEFIELD-sustainability-page.png
DATASITE,https://www.datasite.com/,none,,,,,,"Site alive (homepage curl returned HTTP 200). Datasite is a private M&A virtual-data-room software company; no corporate sustainability/ESG report and no Scope 1/2 disclosure found on its own domain. Map returned only glossary/insights pages; the only climate-related item is a client-facing 'M&A Trends Report: Climate Change' insight article, not the company's own emissions. Third-party carbon-estimate sites (ditchcarbon, tracenable) exist but are excluded aggregators.",https://www.datasite.com/,
EDILIANS,https://edilians.com/,pdf,2025,,,,,"Rapport de Durabilite (RSE) 2025 p.30 (report p.30) and indicators p.62: Scope 1 reported only as a progression index vs 2021 base (100% base, -39% realised 2024, target -30% by 2030), NOT in absolute tCO2e. No Scope 2 published at all. Full-text grep of the 65-page report found only small 'avoided emissions' figures (~1,500 t), no absolute Scope 1/2 tonnage. Intensity/index-only reporter. Report hosted on group domain edilians-group.com (company's own site).",https://edilians.com/rse; https://edilians-group.com/wp-content/uploads/2025/04/EDILIANS_Group_RAPPORT_RSE_2025_1.pdf,companies/EDILIANS/Edilians-Rapport-RSE-2025.pdf
EG GROUP,https://www.eg.group/,pdf,2024,38050,237181,200139,,"2024 ESG Report, Environment data / Data appendix p.36 (report p.34). Scope 1 = 38,050; Scope 2 market-based = 237,181 (property electricity 237,154 + EV electricity 27); Scope 2 location-based = 200,139 (Scope 1+2 location total 238,189 - Scope 1 38,050; = property location 200,112 + EV 27). Values native Tonnes CO2e. DNV limited assurance over Scope 1 & 2 for 2024. 2024 confirmed latest ESG edition via search (2022/2023/2024).",https://www.eg.group/media/fh3ddpyz/2024-esg-report.pdf?culture=en,companies/EG GROUP/EG-Group-ESG-Report-2024.pdf
EIRCOM,https://www.eir.ie/,pdf,2022,,,,,"input matched to current name eir (per batch input). eir.ie publishes no absolute Scope 1/2 figures. Sustainability/environment, goals, and policies pages carry only net-zero narrative and a 50%-by-2030 reduction target; investor 'reports' section is financial quarterly results only. Only ESG publication is the ESG Strategy 2022 (7-page qualitative doc, Environment section is target/narrative only, no figures) - collected as evidence. Searched environment, sustainability hub, goals, policies pages and firecrawl search; no emissions data report found. Site alive (multiple successful scrapes).",https://www.eir.ie/sustainability/environment; https://www.eir.ie/.content/pdf/esg_strategy_2022.pdf,companies/EIRCOM/eir-ESG-Strategy-2022.pdf
ELANCO,https://www.elanco.com/,pdf,2024,175807,302607,189132,,"2024 Impact Report (published 2025-07-15), Appendix A 'Scope 1 and 2 emissions' table p.29 (report p.28). 2024 column: Scope 1 (including biogenic) = 175,807 (of which biogenic 32,653); Scope 2 market-based = 302,607; Scope 2 location-based = 189,132. Note market-based exceeds location-based (report states some RECs unverified/utility sources not fully renewable). Units native mt CO2e = tCO2e. Report on company CDN assets.elanco.com.",https://assets.elanco.com/63faca97-0277-00f3-7b39-47b486080a51/b2829d84-19b1-44ee-9ee6-99eb2f8cbf78/20250715_Elanco%202024_Impact%20Report_V10.pdf,companies/ELANCO/Elanco-Impact-Report-2024.pdf
ELEDA,https://www.eleda.se/,pdf,2025,23713,1570,135,,"Annual (Annual & Sustainability) Report 2025 (English, published 2026-03), GHG Master Table p.31. 2025 column: Total Scope 1 = 23,713; Total Scope 2 market-based = 1,570; Total Scope 2 location-based = 135. Values native Tonnes CO2e. Market-based method is company's primary; base year updated to 2024. Report on eleda.se.",https://www.eleda.se/en/wp-content/uploads/sites/2/2026/03/Eleda-Annual-Report-2025-Eng.pdf,companies/ELEDA/Eleda-Annual-Report-2025.pdf
ELEMENT MATERIALS,https://www.element.com/,screenshot,2024,11856.3,41189.9,51544.9,,"On-page limited-assurance GHG table (rendered as a chart image) on Element's ESG page. FY24 (latest, FY23 baseline also shown): Scope 1 = 11,856.3; Scope 2 location-based = 51,544.9; Scope 2 market-based = 41,189.9. Units native tCO2e. Figures independently limited-assurance audited. Full-page screenshot captured and visually verified to show the table.",https://www.element.com/about-element/environmental-social-and-governance,companies/ELEMENT MATERIALS/Element-Materials-scope-1-2-emissions-page.png
ELSAN,https://www.elsan.care/,pdf,2025,36311,,12223,,"Rapport de Durabilite 2025 (RD 2025) GHG table p.43. 2025 column: Total Scope 1 = 36,311; Total Scope 2 (location-based) = 12,223 (electricity 7,270 + steam/heat/cold 4,953; cross-checks to Scope1+2 total 48,535 - Scope 1 36,311). Only location-based Scope 2 reported (no market-based). Report states Scope 1 & 2 data third-party audited from FY2025. Values native tCO2e. Report on ELSAN Cloudinary CDN.",https://res.cloudinary.com/dpkkwt8w0/raw/upload/v1780559697/2026-06/RD%202025%20bd.pdf,companies/ELSAN/Elsan-Rapport-Durabilite-2025.pdf
ENERGIZER HOLDINGS,https://www.energizerholdings.com/,pdf,2024,31844.77,,69999.90,,"2025 Sustainability Report (latest downloadable; 'Click to download full report' on live sustainability page), GHG Emissions by Scope table p.26. FY2024 (latest of a 2021-2024 series; FY ends 30 Sep): Scope 1 = 31,844.77; Scope 2 = 69,999.90. Units MTCO2e = tCO2e. Single undifferentiated Scope 2 figure - table does not label market vs location; report notes market-based emissions (Climatiq/GreenE) added into data from 2021-present but tabulated basis unstated, so recorded as location-based (inferred). FY24 Scope 1 & 2 under limited assurance (engagement in process).",https://energizerholdings.com/wp-content/uploads/2025/07/2025-Energizer-Sustainability-Report.pdf,companies/ENERGIZER HOLDINGS/Energizer-Sustainability-Report-2025.pdf
ENERGYSOLUTIONS,https://www.energysolutions.com/,none,,,,,,energysolutions.com publishes a qualitative ESG page only (environmental stewardship / remediation narrative) with no absolute Scope 1/2 figures and no GHG data tables. Only downloadable docs are an Environmental Policy and a Quality Policy (no emissions data). Map returned a single /esg page; firecrawl search found no company-specific emissions report. Site alive (successful scrape).,https://www.energysolutions.com/esg,
ENSEMBLE HEALTH,https://www.ensemblehp.com/,none,,,,,,input matched to current name Ensemble Health Partners (per batch input). Private US revenue-cycle-management (office-based services) company. No ESG/sustainability section on ensemblehp.com - map returned only blog posts and about-us pages; about-us page has no ESG/GHG content or report links; firecrawl search found no company emissions disclosure. Site alive (successful scrapes). No absolute Scope 1/2 figures published.,https://www.ensemblehp.com/about-us,
I HEART MEDIA,https://www.iheartmedia.com/,none,,,,,,"No absolute Scope 1/2 GHG disclosure. Collected iHeartMedia's own Corporate Responsibility/ESG report (42 pp) and 2025 Impact Report (291 pp, philanthropy) from its own domain; find-ghg-pages full-text scan returned NONE (no Scope 1/2 keywords or figures) on both. Site confirmed live (scraped iheartmedia.com/community, which links the Impact Reports).",https://www.iheartmedia.com/community; https://www.iheartmedia.com/documents/ESG/iHeartMedia.pdf; https://www.iheartmedia.com/documents/philanthropy/iHeartMedia_ImpactReport_2025.pdf,companies/I HEART MEDIA/iHeartMedia-Corporate-Responsibility-ESG.pdf; companies/I HEART MEDIA/iHeartMedia-Impact-Report-2025.pdf
IDEMIA,https://www.idemia.com/,pdf,2025,,,,,"IDEMIA Group reorganized into separate divisions, each publishing its own 2025 CSR report; no consolidated group-level Scope 1/2 figure exists. Divisional figures collected (live-scraped CSR hub idemia.com/corporate-social-responsibility-idemia): IDEMIA Secure Transactions 2025 CSR Report - Scope 1 = 0.7 kt (700 tCO2e), Scope 2 = 20 kt (20,000 tCO2e), reporting period 1 Jan-31 Dec 2025 (p.16; Scope 2 basis not explicitly stated); IDEMIA Public Security 2025 CSR Report - total footprint 75.4 ktCO2e with Scope 1 ~1% (~754 t) and Scope 2 ~3% (~2,262 t), figures given only as % of total, not absolute (p.78-79). A third division (IDEMIA Smart Identity) not covered. Group value cells left empty; no single consolidated Scope 1/2 published.",https://www.idemia.com/corporate-social-responsibility-idemia; https://www.idemia.com/wp-content/uploads/2021/02/idemia-secure-transaction-csr-report-2025-20260612.pdf; https://www.idemia.com/wp-content/uploads/2026/07/2025-idemia-public-security-corporate-social-responsibility-report-202607.pdf,companies/IDEMIA/IDEMIA-Secure-Transactions-CSR-Report-2025.pdf; companies/IDEMIA/IDEMIA-Public-Security-CSR-Report-2025.pdf
IFCO,https://www.ifco.com/,screenshot,2025,,,,,"IFCO reports Scope 1/2/3 (SBTi-validated); the ESG Report 2025 landing page (live) shows only percentage deltas ('Increased Scope 1, 2 and 3 emissions by 5%', 'Decreased ... intensity by 3%'), no absolute figures. The full report with appendix data tables opens in a JS-driven interactive digital viewer that exposes no direct file URL. Exhausted: scrape (markdown/links/rawHtml), esg.js module, --actions click on 'Download now', full-page screenshot (all buttons resolve to same-page anchors #esg-2025 / #esg-2025-appendix), multiple firecrawl searches; browser interaction was denied. Absolute Scope 1/2 not extractable. Full-page screenshot of the report page saved as evidence.",https://www.ifco.com/2030-esg-strategy/esg-report-2025/,companies/IFCO/IFCO-ESG-Report-2025-page.png
IFS,https://www.ifs.com/,pdf,2025,444,33,1946,,"IFS Sustainability Report 2025, Detailed GHG Inventory 2025 (p.47, cross-checked p.20/45). Scope 1 total = 444 tCO2e; Scope 2 market-based = 33 tCO2e (100% renewable electricity via RECs); Scope 2 location-based = 1,946 tCO2e. Values visually confirmed against rendered page. Report PDF hosted on IFS CDN (sitecorecontenthub.cloud) linked from ifs.com sustainability page.",https://www.ifs.com/en/insights/assets/sustainability-report; https://ifs-p-001.sitecorecontenthub.cloud/api/public/content/ifs-sustainability-report-2025.pdf-af1253?v=c2432d0c,companies/IFS/IFS-Sustainability-Report-2025.pdf
II-VI INC,https://www.coherent.com/,pdf,FY2025,38146,46514,310588,,"Input matched to current name Coherent Corp. (per batch input). 2025 Coherent Global Impact Report, appendix p.62 (MTCO2e = tCO2e), FY2025 column. Scope 1 = 38,146; Scope 2 market-based = 46,514; Scope 2 location-based = 310,588 tCO2e. Third-party limited assurance (UL). Values visually confirmed on rendered page. Live hub coherent.com/company/investor-relations/esg confirms 2025 is the latest report.",https://www.coherent.com/company/investor-relations/esg; https://www.coherent.com/content/dam/coherent/site/en/resources/coherent/2025-coherent-global-impact-report.pdf,companies/II-VI INC/Coherent-Global-Impact-Report-2025.pdf
IMPERIAL DADE,https://www.imperialdade.com/,none,,,,,,"Input domain imperialdade.com now serves 'Imperial Brady' (Imperial Dade merged with Brady Industries; homepage title and all links resolve to imperialbrady.com). Mapped the successor domain (2,997 URLs, all product/catalog pages). No corporate GHG/sustainability report and no Scope 1/2 disclosure; only a customer-facing 'GreenSafe' green-products program (imperialbrady.com/programs/greensafe). Private distributor. Homepage returned 403 to curl but rendered via Firecrawl scrape (site alive).",https://www.imperialdade.com/; https://www.imperialbrady.com/programs/greensafe,
INDICOR,https://www.indicor.com/,none,,,,,,"Private industrial holding company (CD&R). Site live (map 18 URLs; who-we-are page live-scraped). No sustainability/ESG report, no emissions page, no Scope 1/2 disclosure - only governance policy PDFs published (Conflict Minerals Policy 2024, Supplier Code of Conduct, Anti-Human-Trafficking Statement). No GHG data anywhere on site.",https://www.indicor.com/who-we-are,
INEOS GROUP,https://www.ineos.com/,pdf,2025,13800000,5300000,,,"INEOS AG Non-Financial Disclosure Report 2025 (latest; group consolidated), section 2.1.6 p.19: 2025 GHG footprint = 13.8 Mt CO2e Scope 1, 5.3 Mt CO2e gross Scope 2 (market-based), 94.1 Mt CO2e Scope 3. Converted from Mt to tCO2e (x1,000,000): Scope 1 = 13,800,000; Scope 2 market = 5,300,000. Location-based Scope 2 not given in summary (data tables). Assured (KPMG, ISAE 3000). Live-scraped ineos.com sustainability-reports hub; also downloaded the assured 2024 Sustainability Report as the fuller ESG report. Values visually confirmed on rendered page.",https://www.ineos.com/sustainability/sustainability-reports/; https://www.ineos.com/globalassets/ineos-group/sustainability/2026/non-financial-disclosure-report-fy25.pdf; https://www.ineos.com/globalassets/sustainability/sustainability-reports/ineos_sustainabilityreport_2024_250430.pdf,companies/INEOS GROUP/INEOS-Non-Financial-Disclosure-Report-FY25.pdf; companies/INEOS GROUP/INEOS-Sustainability-Report-2024.pdf
INFOPRO DIGITAL,https://www.infopro-digital.com/,pdf,2025,1210.4,,769.7,,"Infopro Digital ESG Report 2025, 'Our greenhouse gas emissions' p.34 and Carbon footprint table p.62. 2025: Total Scope 1 = 1,210.4 tCO2eq; Scope 2 = 769.7 tCO2eq. Scope 2 reported location-based per stated methodology (GHG Protocol, ABC Bilan Carbone/ISO 14064). Scope 3 assessed only for 2024. Values visually confirmed on rendered pages. Live-scraped esg-strategy page for the report link.",https://www.infopro-digital.com/group/esg-strategy/; https://www.infopro-digital.com/app/uploads/sites/2/2026/05/infopro-digital-esg-report-2025.pdf,companies/INFOPRO DIGITAL/Infopro-Digital-ESG-Report-2025.pdf
INNOMOTICS,https://www.innomotics.com/,pdf,FY2024,12800,,,,"Innomotics Sustainability Report 2024/2025 (inaugural report), KPI table p.57 and narrative p.43. FY24 Scope 1 = 12.8 kt = 12,800 tCO2e (market-based; factory locations only, excludes Erlangen/Jundiai/Tianjin/Mumbai sites). Scope 2 deliberately EXCLUDED by the company as immaterial (100% carbon-neutral electricity, market-based) - no Scope 2 figure published. Values visually confirmed on rendered pages. Hub page (innomotics.com/hub/en/company/sustainability) is JS-empty to scrape; report PDF confirmed via Innomotics' own press release and hosted on its CDN (assets.innomotics.com).",https://www.innomotics.com/hub/en/company/sustainability; https://assets.innomotics.com/image/upload/IN_SUS_Report_of7r6s.pdf,companies/INNOMOTICS/Innomotics-Sustainability-Report-2024-2025.pdf
GALILEO GLOBAL EDUCATION,https://www.ggeedu.com/,pdf,2024,773,2930,5970,,"Values from GGE Impact Report 2024/2025 p.67 ('Cutting carbon emissions across our campuses', '2024 Value' column), visually confirmed; tCO2eq. Scope 2 reported both location-based (5,970) and market-based (2,930). Scope 3 = 127,703 (not required). Report covers academic year 2024/2025.",https://cdn.prod.website-files.com/687a559b3a93bfaa55915b31/698e08e40561880ba12c0cf1_GGE_Impact_report_2024-2025_EN_compressed.pdf (linked from https://www.ggeedu.com/en/impact-reports),companies/GALILEO GLOBAL EDUCATION/GGE-Impact-Report-2024-2025-EN.pdf
GATEGROUP,https://www.gategroup.com/,pdf,2024,128300,69700,69700,,"gategroup ESG Report 2024, Environmental performance indicators p.92 (2024 column), visually confirmed; converted from '1,000 tonnes' (Scope 1 128.3 kt; Scope 2 69.7 kt). Scope 2 reported as a single figure labeled 'location and market based' - same 69,700 entered for both bases.",https://www.gategroup.com/wp-content/uploads/2025/03/ESGReport2024_Final.pdf (linked from https://www.gategroup.com/corporate-affairs/mandatory-reporting),companies/GATEGROUP/gategroup-ESG-Report-2024.pdf
GATES GLOBAL LLC,https://www.gates.com/,pdf,2024,106200,,142500,,"Gates Sustainability Report 2024, Annual Performance Indicators p.56 (2024 column), visually confirmed; converted from 'Thousand metric tons CO2e' (Scope 1 106.2; Scope 2 142.5). Gates reports Scope 2 location-based only; 2024 figures under ERM reasonable assurance. Reporting period Jan 1-Dec 31 2024.",https://www.gates.com/content/dam/documents-library/sustainability/gl-sustainability-report-2024-letter-en-final.pdf (linked from https://www.gates.com/us/en/about-us/sustainability/sustainability-report-library.html),companies/GATES GLOBAL LLC/Gates-Sustainability-Report-2024.pdf
GENESYS CLOUD SERVICES,https://www.genesys.com/,pdf,FY2025,17,,4104,,"FY25 Sustainability Report p.17 'Genesys annual emissions' chart (FY25 column), visually confirmed; metric tons CO2e. Scope 1 = 17, Scope 2 = 4,104. Scope 2 is location-based per methodology (p.17 n.23); no market-based figure published. Operations reported carbon-neutral via offsets but gross figures recorded.",https://library.genesys.com/m/12eff224b7832092/original/FY25_Genesys_Sustainability-Report.pdf (linked from https://www.genesys.com/company/sustainability),companies/GENESYS CLOUD SERVICES/Genesys-Sustainability-Report-FY25.pdf
GRAHAM PACKAGING CO INC,https://www.grahampackaging.com/,pdf,2024,18397,316726,343948,,"Graham Packaging 2024 ESG Data Table, Operations: Energy and Emissions p.2-3 (2024 column), visually confirmed; MTCO2e. Scope 1 18,397; Scope 2 location 343,948; Scope 2 market 316,726. Newer 2024 data table (uploaded 2025-12) found via staleness search superseded the 2023 ESG report; 2023 file removed.",https://www.grahampackaging.com/wp-content/uploads/2025/12/GPC_ESG-DATA-TABLE_2024-REPORTING-YEAR.pdf (linked from https://www.grahampackaging.com/sustainability/),companies/GRAHAM PACKAGING CO INC/Graham-Packaging-ESG-Data-Table-2024.pdf
GRAY TELEVISION,https://gray.tv/,none,,,,,,"Gray announced its 'first ESG report' (press release 2023-03-06, hosted on its own IR site) but the actual report FILE is inaccessible: the IR host graytv.gcs-web.com bot-blocks curl (conn reset) and Firecrawl returns only the 2-page press release; the /esg page 404s; the report is otherwise only on banned aggregators (responsibilityreports.com, sustainabilityreports.com). Could not confirm whether Scope 1/2 figures are disclosed. Site is live (scraped successfully).",https://gray.tv/ ; https://graytv.gcs-web.com/static-files/705d9115-a072-4c2e-88e6-7751f1efd1ca,
GRIFFON CORP,https://www.griffon.com/,pdf,2024,21054,,37431,,"Griffon CY2024 Sustainability Report, Carbon Emissions table (company total: Scope 1 21,054; Scope 2 37,431; in 'tons'). Report states emissions estimated from air-emissions reporting and natural gas (Scope 1) + grid electricity (Scope 2). Scope 2 basis not stated - inferred location-based. Units given only as 'tons' (metric basis unconfirmed). Values retrieved via Firecrawl because ir.griffon.com bot-blocks curl (conn reset) - no original PDF could be saved (non-original evidence).",https://ir.griffon.com/system/files-encrypted/nasdaq_kms/assets/2025/12/31/13-20-57/Griffon%20CY2024%20Sustainability%20Report.pdf (linked from https://ir.griffon.com/sustainability),
HARD ROCK NORTHERN INDIANA,https://www.hardrockcasinonorthernindiana.com/,none,,,,,,"Single casino property (Hard Rock Casino Northern Indiana). Site live (scraped). No company Scope 1/2 emissions disclosure found; the property's social-responsibility page links only a third-party responsible-gaming report (nccreports.com - aggregator, excluded). Parent Hard Rock International / Seminole Gaming is privately held; no group-level emissions report located.",https://casino.hardrock.com/northern-indiana/social-responsibility,
HAYWARD INDUSTRIES INC,https://www.hayward.com/,pdf,2024,1605,,8843,,"Hayward 2024 Sustainability Data Sheet, PLANET p.4, visually confirmed; Metric tons CO2e. Scope 1 = 1,605, Scope 2 = 8,843. Scope 2 basis not stated (footnote defines it generically) - inferred location-based.",https://s27.q4cdn.com/336738972/files/doc_downloads/2024/hayward-2024-sustainability-data-sheet_final.pdf (linked from https://investor.hayward.com/ESG/default.aspx),companies/HAYWARD INDUSTRIES INC/Hayward-2024-Sustainability-Data-Sheet.pdf
HB FULLER,https://www.hbfuller.com/,pdf,2025,,,,146000,"H.B. Fuller 2025 Sustainability Report (FY ended Nov 29 2025), 'Global Progress 2014-2025 (Absolute)' GHG chart p.38, visually confirmed; total operational GHG = 146K MT CO2e (2025), read from chart (rounded to nearest 1,000). Reported combined only - the 2025 report charts total GHG and does not break out Scope 1 vs Scope 2 (GRI index directs the split to CDP). Scope 2 basis within total not stated.",https://www.hbfuller.com/-/media/project/hbfuller/hbfuller/sustainability/files/h-b-fuller-sustainability-report-2025.pdf?sc_lang=en (linked from https://www.hbfuller.com/en/sustainability/corporate-sustainability/reporting-center),companies/HB FULLER/HB-Fuller-Sustainability-Report-2025.pdf
FIBERCOP,https://www.fibercop.it/,pdf,2025,29782,110647,172211,,"FiberCop Sustainability Statement 2025 (first sustainability report), Total Emissions table PDF p.66 (cross-checked p.64); year 2025. Input domain fibercop.it, report hosted on fibercop.com (both FiberCop's own domains). In 2025 trigenerator ownership passed to EnerCop so trigeneration emissions are counted in Scope 2 in the headline table (alt view: Scope 1 56,038 / Scope 2 mkt 81,692 with trigeneration in Scope 1).",https://www.fibercop.com/wp-content/uploads/2026/04/Sustainability-Report-FiberCop.pdf (found via live page https://www.fibercop.com/en/about-us/sustainability),companies/FIBERCOP/FiberCop-Sustainability-Report-2025.pdf
FILTRATION GROUP,https://www.filtrationgroup.com/,none,,,,,,"Private company (Madison Industries affiliate; pending acquisition by Parker-Hannifin). Impact page live-scraped (filtrationgroup.com/impact, HTTP 200 - site alive); narrative only, no Scope 1/2 figures. Firecrawl search found no company sustainability/ESG report with GHG data. No absolute Scope 1/2 disclosure found.",https://www.filtrationgroup.com/impact,
FIRST ADVANTAGE,https://fadv.com/,none,2024,,,,,"First Advantage publishes an annual Sustainability Impact Report (4th annual, covering 2024 data) that reports Scope 1, 2 and 3 GHG emissions. The report PDF on investors.fadv.com is bot-blocked: curl download failed (connection reset, then 40-90s timeouts on HTTP/1.1 and cookie-jar attempts), and the PDF exceeds Firecrawl's size limit. News release and sustainability overview page do not quote the numeric figures. Evidence file could not be retrieved this run.",https://investors.fadv.com/sustainability ; https://investors.fadv.com/static-files/06caaeba-28e1-4416-8dff-a5d8a6b428a2,
FIRST EAGLE HOLDINGS,https://www.firsteagle.com/,none,,,,,,"Asset manager. Corporate-social-responsibility page live-scraped (firsteagle.com/corporate-social-responsibility, HTTP 200 - site alive); zero emissions/carbon/GHG mentions. Only responsible-investment guidelines and investment thought-leadership published. Firecrawl search found no corporate operational Scope 1/2 / TCFD GHG report. No absolute Scope 1/2 disclosure found.",https://www.firsteagle.com/corporate-social-responsibility,
FLUIDRA,https://www.fluidra.com/,pdf,2025,8242,3514,13398,,"Fluidra 2025 Integrated Annual Report, 'Carbon Footprint by Scope' table PDF p.121; latest year 2025 (base year 2021). Group-level figures (Spain-only subset given in footnote 13: S1 1,760 / S2 loc 3,319 / S2 mkt 39). Direct PDF download was Incapsula-blocked; retrieved via cookie-jar session on the live report hub.",https://www.fluidra.com/wp-content/uploads/2026/03/1.-English_2025-Integrated-Anual-Report-ENG.pdf (found via live hub https://www.fluidra.com/investors/annual-integrated-report),companies/FLUIDRA/Fluidra-Integrated-Annual-Report-2025.pdf
FONCIA GROUPE,https://fr.foncia.com/,pdf,2024,11100,,300,,"Input domain fr.foncia.com; Foncia Groupe rebranded to Emeria (2022). Emeria ESG Note (published Dec 2025), 'Results France' chart PDF p.12, reporting year 2024: Scope 1 11.1 ktCO2e (=11,100 tCO2e), Scope 2 0.3 ktCO2e (=300 tCO2e), Scope 3 18.9 ktCO2e; total 30.4 ktCO2e. Values read off a bar chart and converted from ktCO2e (coarse). Scope 2 basis not stated -> placed in location column, inferred. Figures are Emeria France group-level (Foncia is the flagship French brand but is not separately broken out).",https://emeriagroup.com/responsibility/csr/EMERIA_Note-ESG-EN_17DEC25.pdf (found via live hub https://emeriagroup.com/responsibility/csr),companies/FONCIA GROUPE/Emeria-ESG-Note-2025.pdf
FORMULA ONE,https://www.formula1.com/,pdf,2025,,,,,"Latest report is the Formula 1 2026 ESG Report ('Carbon Update', 20 pp, published Jun 2026), collected from F1's own corporate domain. It reports only category-based reductions (Factories & Facilities -37,000 tCO2e / -64% vs 2018; Travel -21,000 tCO2e; Logistics -20,000 tCO2e; Event Ops -1,000 tCO2e) and a 35% total-footprint reduction vs the 2018 baseline. No absolute Scope 1/2 tCO2e figures and no GHG-Protocol scope split are disclosed in the latest report (find-ghg-pages verdict: NONE, no 'scope' text in 20 pp).",https://corp.formula1.com/wp-content/uploads/2026/06/F1-ESG-Report-2026.pdf (found via live hub https://corp.formula1.com/governance-reporting/),companies/FORMULA ONE/Formula1-ESG-Report-2026.pdf
FORTREA,https://www.fortrea.com/,pdf,2025,1418,2727,5188,,"Fortrea 2026 CSR Report, '2025 Scope 1, 2, 3 Emissions' table PDF p.16; latest year 2025 (baseline 2023). Total Scope 1+2 market-based 4,145 (=1,418+2,727, self-consistent). Scope 1&2 given limited assurance by ERMCVS for 2025; CDP B- (2025). Latest report confirmed via live page fortrea.com/about-us (newer than the 2025-12 CSR update also found).",https://www.fortrea.com/sites/default/files/2026-06/2026-csr-report.pdf (found via live page https://www.fortrea.com/about-us),companies/FORTREA/Fortrea-CSR-Report-2026.pdf
FRONERI US INC,https://www.froneri.com/,pdf,2024,109235,199259,203490,,"Froneri Annual Report and Accounts 2025, 'Environmental Performance Data' table report p.39 (PDF p.41); latest reported year 2024 (columns 2022/2023/2024). Scope 1 109,235 tCO2e; market-based Scope 2 199,259; location-based Scope 2 203,490 (Scope 3 rows are in Million tCO2e). SBTi-aligned; footnote marks 2024 column in external verification. Figures are Froneri global group (Nestle/PAI JV) totals - Froneri US Inc is not separately broken out.",https://backend.froneri.com/uploads/Froneri_Annual_Report_2025_eaef146ba5.pdf (found via live page https://www.froneri.com/articles/annual-report-2025),companies/FRONERI US INC/Froneri-Annual-Report-2025.pdf
FRONTIER COMMUNICATIONS,https://frontier.com/,pdf,2023,117263,,518895,,"Frontier Communications 2023 Sustainability Report (first GHG disclosure), 'Environmental Performance' appendix PDF p.57 (also p.32); year 2023. Scope 1 117,263 metric tons CO2e; Scope 2 location-based 518,895; Scope 2 market-based not reported (dash); total Scope 1+2 636,158. Confirmed latest available on Frontier's own newsroom hub (no newer report; company was being acquired by Verizon). NOTE: a q4cdn '2024 ESG Report' surfaced in search belongs to Frontier AIRLINES (Frontier Group, CEO Barry Biffle) - a different company - and was excluded.",https://newsroom.frontier.com/wp-content/uploads/2024/05/frontier-sustainability-report-final-2023.pdf (found via live hub https://newsroom.frontier.com/sustainability/),companies/FRONTIER COMMUNICATIONS/Frontier-Sustainability-Report-2023.pdf
DAVE AND BUSTERS INC,https://www.daveandbusters.com/,pdf,2024,,,,,"Corporate Responsibility Committee (CRC) Report 2024 collected from D&B's own CSR page. find-ghg-pages verdict NONE across all 26 pages: no Scope 1/2/GHG figures disclosed. CSR web page is qualitative only (energy-efficiency/Energy Star narrative, no tCO2e). No absolute emissions published.",https://www.daveandbusters.com/us/en/corporate-social-responsibility; https://www.daveandbusters.com/content/dam/dnb/corporate-social-responsibility/reports/CRC%20Final%20Report%202024.pdf,companies/DAVE AND BUSTERS INC/DaveAndBusters-CRC-Report-2024.pdf
DAVID LLOYD,https://www.davidlloyd.co.uk/,none,,,,,,"Live scrapes of /sustainability, /responsible and /press/sustainability-release succeeded (site alive). Only a qualitative 'carbon net-zero by 2030' commitment published; no absolute Scope 1/2 figures and no sustainability report PDF. firecrawl search returned no David Lloyd Clubs GHG report (other 'Lloyd's' hits are unrelated Lloyd's of London / Lloyds Banking Group).",https://www.davidlloyd.co.uk/responsible/; https://www.davidlloyd.co.uk/sustainability/,
DAYFORCE,https://www.dayforce.com/,pdf,2024,230,0,1506,,"Dayforce (formerly Ceridian) 2025 Sustainability Report, Environmental Data table p.53 (also p.63), units mtCO2e = tCO2e, latest data year 2024. Scope 1=230; Scope 2 market-based=0 (100% renewable electricity); Scope 2 location-based=1,506. Scope 1+2 market-based total=230. Values visually confirmed on rendered p.53.",https://www.dayforce.com/Ceridian/media/documents/esg%20reporting%20hub/Dayforce-2025-Sustainability-Report-Final.pdf,companies/DAYFORCE/Dayforce-Sustainability-Report-2025.pdf
DEALER TIRE,https://www.dealertire.com/,none,,,,,,"Site alive (curl 200). Map returned 0 ESG/sustainability/report URLs; no ESG or GHG disclosure on own site. firecrawl search surfaced only a third-party DitchCarbon estimate (aggregator, excluded per aggregator ban) and unrelated tire companies. Private tire-distribution company; no absolute Scope 1/2 published.",https://www.dealertire.com/,
DECHRA PHARMACEUTICALS,https://www.dechra.com/,pdf,FY2025,5714,1753,4061,,"Dechra Sustainability Report 2025 (financial year 2025, latest column), from dechra.sustainabilityreport2025.com microsite, tonnes CO2e. Resilient Planet section p.16 (printed spread p.28-29): Market-based Scope 1=5,714, Scope 2=1,753; Location-based Scope 1=5,714, Scope 2=4,061. SBT baseline rebaselined to FY2022. Values visually confirmed on rendered page.",https://dechra.sustainabilityreport2025.com/media/k1idngmq/32697-dechra-sustainability-report-2025-interactive-v2.pdf,companies/DECHRA PHARMACEUTICALS/Dechra-Sustainability-Report-2025.pdf
DIAMOND SPORTS GROUP,https://www.diamond-sports.com/,none,,,,,,"Identity mismatch: diamond-sports.com is a baseball/softball EQUIPMENT manufacturer ('Diamond Sports | Baseball and Softball Equipment'), NOT the regional-sports-network operator Diamond Sports Group (Bally Sports / FanDuel Sports Network). Wrong-brand domain per edge-case ruling. No Scope 1/2 disclosure on the equipment maker's site. Human ruling needed on which entity is intended.",https://www.diamond-sports.com/,
DONTE GROUP,https://dontegroup.com/,pdf,2024,227,0,1204,,"Donte Group NFIS 2024 (Consolidated audited Non-Financial Information Statement, English), GHG table p.42, units t CO2 eq = tCO2e, latest year 2024. Scope 1 absolute=227; Scope 2 market-based=0 (p.41: 'from 2023 our Scope 2 emissions were completely eliminated by operating all clinics with 100% certified renewable energy', shown as '-' in table); Scope 2 location-based=1,204. Values visually confirmed on rendered p.42. NFIS_2024 live-confirmed on /en/responsible-management.",https://www.dontegroup.com/wp-content/uploads/2026/05/NFIS_2024_DONTE_GROUP_Consolidated_audited_EN.pdf,companies/DONTE GROUP/Donte-Group-NFIS-2024.pdf
DORNA,https://www.dorna.com/,pdf,2024,49,,226,,"Dorna Sports ESG Annual Report 2024, carbon footprint table p.89 (ISO 14064), units tCO2e, year 2024. Scope 1 total=49 (Spain 47 + Italy 2); Scope 2 total=226 (electricity, Spain 222 + Italy 4). Scope 2 basis not stated as market/location - placed in location-based and marked inferred per ruling. Values visually confirmed on rendered p.89. Report live-confirmed on /racing-for-the-future hub.",https://www.dorna.com/wp-content/uploads/2025/06/memoria-ESG_2024_compressed-1.pdf,companies/DORNA/Dorna-ESG-Report-2024.pdf
DOTDASH MEREDITH,https://www.dotdashmeredith.com/,pdf,2025,,,,,"Dotdash Meredith reports under parent People Incorporated (formerly IAC Inc.); dotdashmeredith.com now brands as 'People Inc.' Parent's 2025 Greenhouse Gas Report (year ended 31 Dec 2025), live-confirmed on ir.people-incorporated.com governance page, gives GROUP-level figures (owned & operated businesses, no Dotdash Meredith breakout): Scope 1=3,334 tCO2e, Scope 2 location=6,365, Scope 2 market=6,764. Value cells left empty per parent-reporting ruling (no subsidiary breakout). Binary PDF blocked by Q4 CDN bot-protection (curl connection reset after retries); report content captured via Firecrawl render and saved as evidence.",https://ir.people-incorporated.com/static-files/1b460ceb-6e7f-4e6a-b74c-1b9691af6166; https://ir.people-incorporated.com/corporate-governance/board-of-directors,companies/DOTDASH MEREDITH/IAC-PeopleInc-Greenhouse-Gas-Report-2025-firecrawl-extract.md
EDELMAN FINANCIAL,https://www.edelmanfinancialengines.com/,none,,,,,,"Input matched to current name Edelman Financial Engines (per batch input). Site alive (curl 200). Map hits are editorial 'Everyday Wealth' articles about ESG investing, not corporate disclosure. firecrawl search found no Edelman Financial Engines corporate GHG report; the 'Edelman' Global Citizenship Report (citizenship.edelman.com) belongs to the unrelated Edelman PR/communications firm. Private wealth-management firm; no absolute Scope 1/2 published.",https://www.edelmanfinancialengines.com/,
ORGANON,https://www.organon.com/,pdf,2024,34200,27100,24200,,"Values from Organon 2024 ESG Performance Data Tables (xlsx), 'GHG emissions' sheet, latest year 2024, converted from 1,000 MT CO2e. Organon reports Scope 1/2 by boundary with no consolidated total; figures aggregate all three reported boundaries: Scope 1 = mfg 20,800 + commercial fleet 13,100 + leased offices 300; Scope 2 market = mfg 26,100 + fleet 200 + offices 800; Scope 2 location = mfg 23,200 + fleet 200 + offices 800. Per report footnote, fleet/office market-based assumed equal to location-based. Exec summary collected as supporting evidence.",https://www.organon.com/esg/wp-content/uploads/sites/82/2025/08/2024-OGN-ESG-Performance-Data-Tables-2025.07.23.xlsx ; https://www.organon.com/esg/wp-content/uploads/sites/82/2025/08/Organon-2024-ESG-Executive-Summary.pdf ; https://www.organon.com/esg/esg-reporting-center/,companies/ORGANON/Organon-2024-ESG-Performance-Data-Tables.xlsx; companies/ORGANON/Organon-2024-ESG-Executive-Summary.pdf
OSAIC,https://osaic.com/,none,,,,,,No Scope 1/2 disclosure. Site confirmed alive (live scrape of osaic.com/community-achievements returned full page content). Map returned 185 URLs with zero sustainability/ESG/emissions/report pages; no CSR or emissions content found. Wealth-management firm; no GHG data published.,https://osaic.com/,
OSTTRA,https://osttra.com/,pdf,2025,3.92,2.96,17.47,,"Values from TriOptima 2025 ESG Report p.8 (PDF p.10), GHG emissions table in tCO2e, 2025 reporting period, visually confirmed. Scope 1 = direct emissions (natural gas) 3.92; Scope 2 = purchased electricity, location 17.47 / market 2.96. Report is scoped to TriOptima (a business/brand within OSTTRA), hosted on osttra.com; no group-wide OSTTRA report found. 2025 is the latest edition available (2023/2024/2025 all on site).",https://osttra.com/wp-content/uploads/2022/09/TriOptima-2025-ESG-report.pdf,companies/OSTTRA/TriOptima-ESG-Report-2025.pdf
OWENS & MINOR,https://www.owens-minor.com/,pdf,2025,27546,96048,97701,,"Values from Owens & Minor 2025 Impact Report p.2 (2025 Key Performance Indicators table, Metric Tons CO2e), latest column 2025, visually confirmed. Scope 1 = 27,546; Scope 2 market-based = 96,048; Scope 2 location-based = 97,701.",https://www.owens-minor.com/wp-content/uploads/2026/06/OM-2025-ImpactReport_June_2026_v2.pdf ; https://www.owens-minor.com/about/sustainability,companies/OWENS & MINOR/Owens-Minor-Impact-Report-2025.pdf
OXBOW CARBON,https://www.oxbow.com/,none,,,,,,"No Scope 1/2 disclosure. Site confirmed alive (live scrape of oxbow.com/ESG returned full page). ESG page is qualitative only (Environmental/Social/Governance narrative, mentions ISO 14001 facilities) with no emissions figures and no downloadable report. Firecrawl search found no Oxbow-specific sustainability report. Private commodities firm; no GHG data published.",https://www.oxbow.com/ESG,
PAREXEL,https://www.parexel.com/,pdf,2025,2334,0,4535,,"Values from Parexel 2025 Sustainability & Impact Report p.27 (2025 GHG inventory table, metric tons CO2e), latest column 2025, visually confirmed. Scope 1 = 2,334; Scope 2 location-based = 4,535; Scope 2 market-based = 0 (maintained at zero via renewable market instruments); Total Scope 1+2 = 6,869. SBTi-validated, limited third-party assurance.",https://www.parexel.com/application/files/3417/7809/3169/PXL_2025_Sustainability_and_Impact_Report_050626_FINAL.pdf ; https://www.parexel.com/about-us/our-sustainability-strategy,companies/PAREXEL/Parexel-Sustainability-Impact-Report-2025.pdf
PARQUES REUNIDOS,https://www.parquesreunidos.com/,pdf,2025,7587,6136,27770,,"Values from Parques Reunidos 2025 Sustainability Report - GHG Emissions Report p.11 (2025 GHG Emissions, SBTi perimeter, t CO2e), latest column 2025, visually confirmed. Scope 1 = 7,587; Scope 2 market-based (MB) = 6,136; Scope 2 location-based (LB) = 27,770. SBTi perimeter is Group parks as of 31/12/2025 (post-divestment recalculation).",https://www.parquesreunidos.com/content/dam/parques/sustainability/pol%C3%ADticas/Sustainability%20Report%202025%20-%20GHG%20Emissions%20Report_EN.pdf ; https://www.parquesreunidos.com/en/sustainability/reports,companies/PARQUES REUNIDOS/Parques-Reunidos-GHG-Emissions-Report-2025.pdf
PAYSAFE,https://www.paysafe.com/,pdf,2025,178,769,818,,"Values from Paysafe Sustainability Report 2025, Sustainability performance metrics appendix p.51 (tCO2e), latest column 2025, visually confirmed. Direct Scope 1 = 178; Scope 2 location-based = 818; Scope 2 market-based = 769; Total Scope 1+2 (market-based) = 947. Operational control approach; 2025 restated prior years.",https://www.paysafe.com/fileadmin/content/pdf/2026/Paysafe_Sustainability_Report_2025.pdf ; https://www.paysafe.com/en/about/sustainability,companies/PAYSAFE/Paysafe-Sustainability-Report-2025.pdf
PERATON CORP,https://www.peraton.com/,pdf,FY2024,1559,16069,14806,,"Values from Peraton FY24 GHG Inventory p.1 (2024 GHG Inventory table, MtCO2e = metric tons), visually confirmed. Scope 1 (natural gas and other fuels) = 1,559; Scope 2 location-based (electricity) = 14,806; Scope 2 market-based (electricity) = 16,069. Report shows both kgCO2e and MtCO2e columns; metric-ton values used.",https://www.peraton.com/wp-content/uploads/FY24PeratonGHG-Inventory.pdf ; https://www.peraton.com/news/peraton-carbon-reduction-plan,companies/PERATON CORP/Peraton-FY24-GHG-Inventory.pdf
PERFICIENT,https://www.perficient.com/,none,,,,,,"No Scope 1/2 absolute figures published. Site confirmed alive (live scrape of environmental-sustainability page). Page defines Scope 1/2/3 but states Perficient 'is actively engaging partners... to evaluate its carbon footprint/emissions' - i.e. still measuring, no data yet. No sustainability/CR report PDF on site (map: only the CR hub + environmental + social pages, no downloadable report). Qualitative disclosure only.",https://www.perficient.com/corporate-responsibility-culture/environmental-sustainability,
LEGALSHIELD,https://www.legalshield.com/,none,,,,,,"No Scope 1/2 disclosure. Site alive (Firecrawl live scrape of homepage succeeded, 36k chars; curl 403 bot-blocked but Firecrawl maps/scrapes fine). Map returned 1,541 URLs with no sustainability/ESG/environment page; 'responsibility' hits are all legal-topic blog posts. Firecrawl search for 'LegalShield ESG sustainability report carbon emissions' surfaced only generic third-party ESG guidance. Private US legal-services company; no GHG reporting published.",https://www.legalshield.com/,
LGC GROUP,https://www.lgcgroup.com/,pdf,FY2025,6412,3302,7757,,"Values from LGC Environmental, Social & Governance Report 2025, ESG data (GRI index) table p.58, all marked assured ('A'). FY25 (latest) column: GRI 305-1 Direct (Scope 1) from energy 6,412 tCO2e; GRI 305-2 Scope 2 market-based 3,302 tCO2e; GRI 305-2 Scope 2 location-based 7,757 tCO2e. Visually confirmed on rendered page. Report PDF hosted on LGC's own CloudFront CDN, linked from https://www.lgcgroup.com/esg.",https://d2p36i2repke8e.cloudfront.net/app/uploads/2025/09/LGC_ESG_Report_FY25.pdf (linked from https://www.lgcgroup.com/esg),companies/LGC GROUP/LGC-ESG-Report-FY25.pdf
LIFTOFF MOBILE INC,https://liftoff.io/,none,,,,,,"No Scope 1/2 disclosure. Input domain liftoff.io redirects to liftoff.ai (same brand, TLD change; treated as company's own site). Site alive (curl 200 on liftoff.ai). Map of liftoff.ai returned 1,282 URLs; all 'report' hits are mobile-gaming/ad-industry market reports, no sustainability/ESG/environment page. Firecrawl search for Liftoff sustainability/ESG surfaced only marketing 'Mobile Ad Creative Index' items. Private adtech company (Blackstone-owned); no GHG reporting.",https://liftoff.ai/,
LOXAM,https://www.loxam.com/,pdf,2025,49292,8236,5404,,"Values from Loxam 2025 CSR Report, 'Our performance indicators' Environment table p.87 (ESRS E1-6). 2025 (latest) column: Scope 1 (E1-6-44a) 49,292 tCO2e; Scope 2 location-based (E1-6-44b) 5,404 tCO2e; Scope 2 market-based (E1-6-44b) 8,236 tCO2e. Visually confirmed on rendered page. Reporting scope limited to >85% of revenue (stated). Report is the latest full CSR Report, linked from live publications hub loxam.com/en/our-publications/ (2024 CSR Overview lacked the split - only a 817 kt total).",https://loxam.com/wp-content/uploads/2026/05/LoxamRSE_260518_UK_Compressed.pdf (linked from https://loxam.com/en/our-publications/),companies/LOXAM/Loxam-CSR-Report-2025.pdf
LUMILEDS,https://www.lumileds.com/,pdf,2021,11224,,90202,,"Values from Lumileds 2021 Sustainability Report (SR66), Environmental Performance / Greenhouse Gas Emissions table p.31, 2021 (latest) column. Scope 1 = 11,224 tCO2e; Scope 2 location-based = manufacturing 89,554 + offices 648 = 90,202 tCO2e. Only location-based basis published (no market-based). Scope 3 (air travel only) 811, total absolute 102,238. Visually confirmed on rendered page. On-site sustainability climate page carried only 2017 data; latest report confirmed via live hub scrape (lumileds.com/company/sustainability links only SR66) and Firecrawl search (no report newer than 2021). Confirmed latest available.",https://lumileds.com/wp-content/uploads/files/SR66-lumileds-sustainability-report.pdf (linked from https://lumileds.com/company/sustainability),companies/LUMILEDS/Lumileds-Sustainability-Report.pdf
MADISON IAQ,https://madisoniaq.com/,none,,,,,,No Scope 1/2 disclosure. Input domain madisoniaq.com redirects to madisonair.com (rebrand from Madison IAQ to Madison Air; part of privately-held Madison Industries). Successor site alive (curl 200). Map of madisonair.com returned 85 URLs with no sustainability/ESG/environment page (only a Title-24 HVAC whitepaper). Firecrawl search found no Madison Air/Madison Industries GHG report (a 'Corporate Responsibility Report 2024' hit belongs to the unrelated Madison International Realty). No GHG figures published.,https://www.madisonair.com/,
MAGICLAB,https://magiclab.co/,pdf,2024,86,0,139,,"magiclab.co redirects to team.bumble.com - MagicLab now operates as Bumble Inc. (MagicLab/Badoo was reorganized into Bumble Inc., NASDAQ: BMBL). Figures from Bumble Inc. 2024 Impact Report, '2024 Progress Towards Net Zero' table p.11, visually confirmed. Scope 1 = 86 mtCO2e (location & market identical); Scope 2 location-based = 139 mtCO2e; Scope 2 market-based = 0 (100% renewable). Units mtCO2e = tCO2e. Report is Bumble's latest, taken from live IR hub ir.bumble.com/Responsible-Business/default.aspx. Group-level Bumble Inc. figures; covers the former MagicLab apps but not broken out separately.",https://s202.q4cdn.com/372973788/files/doc_downloads/2025/09/2024-BumbleInc-ImpactReport.pdf (linked from https://ir.bumble.com/Responsible-Business/default.aspx),companies/MAGICLAB/Bumble-Inc-Impact-Report-2024.pdf
MCAFEE,https://www.mcafee.com/,none,,,,,,"No Scope 1/2 disclosure. Site alive (Firecrawl live homepage scrape succeeded, 33k chars; curl 403 bot-blocked). Map returned 3,000 URLs (consumer /learn and /blogs content) with no sustainability/ESG/environment/carbon page. Homepage exposes a corporate section (about, investors, integrity-ethics, inclusion-diversity) but no environmental/emissions page. Firecrawl search for 'McAfee ESG sustainability report scope emissions' surfaced only generic third-party guidance. Private consumer-cybersecurity company (Advent International); no GHG reporting found.",https://www.mcafee.com/,
MEDIAN KLINIKEN,https://www.median-kliniken.de/,none,,,,,,"No absolute Scope 1/2 figures published. Company site alive (Firecrawl live scrape). median-kliniken.de map (3,000 URLs) had no GHG/sustainability report - only per-clinic German LkSG supply-chain (Lieferkette) reports, which are due-diligence statements, not emissions data. Corporate parent MEDIAN Group publishes only a qualitative ESG Statement (median-group.com/en/esg-statement, live-scraped, no figures/report PDF) which links to UK sibling Priory Group's ESG page; Priory has a UK-only Carbon Reduction Plan that does not cover the German MEDIAN Kliniken operations. No group-level quantitative GHG report exists to collect.",https://www.median-group.com/en/esg-statement,
MEDIAWAN,https://www.mediawan.com/,none,,,,,,"No Scope 1/2 disclosure found. Site alive (curl 200 + Firecrawl live scrapes of homepage, /en/le-groupe and /en/investisseurs - all thin marketing pages, no CSR/RSE/ESG section). Map returned only 53 URLs (production-business pages); PDFs are old press releases (2017-2020) and a 2025 Code of Conduct, no sustainability/DPEF report. Firecrawl search for Mediawan RSE/CSR/DPEF returned no report. Large private French audiovisual group (taken private 2019); no emissions reporting surfaced on its own properties.",https://www.mediawan.com/,
MEDICAL SOLUTIONS,https://www.medicalsolutions.com/,none,,,,,,"Travel-nursing staffing agency. Homepage live-scraped (site alive); no sustainability/ESG/emissions content anywhere on site; map surfaced only blog posts using 'impact'/'environment' in a clinical sense. Firecrawl search found no company ESG report (only unrelated 'Advanced Medical Solutions', admedsol.com). No absolute Scope 1/2 figures published.",https://www.medicalsolutions.com/,
MEDIQ,https://mediq.com/,pdf,2025,5677,4135,2913,,"Mediq ESG Report 2025, GHG emissions table p.47 (visually confirmed on rendered page - pdftotext had scrambled the multi-column table). 2025 figures: Scope 1 = 5,677; Scope 2 gross location-based = 2,913; Scope 2 gross market-based = 4,135 tCO2e. Both Scope 2 bases published. Group total market-based (incl. Scope 3) = 949,928 tCO2e.",https://mediq.com/-/media/Project/MediqCOM/Files/Mediq---ESG-report-2025.pdf ; https://mediq.com/about-us/environmental-social-governance/esg-reports,companies/MEDIQ/Mediq-ESG-Report-2025.pdf
MEDLINE,https://www.medline.com/,pdf,2025,151650,,136797,,"Medline 2025 Sustainability Report, '2025 emissions' GHG table: Scope 1 = 151,650; Scope 2 = 136,797 tCO2e (percentages 1.95%/1.76% of total, sum to 100% with Scope 3). Scope 2 basis (market vs location) not stated in report - placed in scope2_location and inferred per default rule. Original PDF could NOT be downloaded: Medline CDN (Akamai-style WAF) returns 403 to curl AND PowerShell Invoke-WebRequest; content retrieved only via Firecrawl headless render (non-original evidence). Values from Firecrawl-parsed table saved as evidence md.",https://www.medline.com/media/assets/pdf/Medline_2025_Sustainability_Report.pdf ; https://www.medline.com/about-us/sustainability,companies/MEDLINE/Medline-2025-Sustainability-firecrawl-extract.md
MEDRISK,https://www.medrisknet.com/,pdf,2021,0,,695,,"MedRisk SB 261 (California Climate-Related Financial Risk / TCFD) report, published Dec 2025, Metrics & Targets p.7. Only quantified inventory disclosed is the company's first GHG inventory for 2021: Scope 1 = 0 t, Scope 2 = 695 t, Scope 3 = 4,309 t (total 5,004 tCO2e). Scope 2 basis not stated - inferred location. Report notes a 2022 recalculation and use of the Persefoni platform for SB 253 compliance, but does not publish those newer figures. Values from clean single-column text (verdict DATA).",https://www.medrisknet.com/wp-content/uploads/2025/12/MedRisk_SB261_Report_Branded_2025_Final-1.pdf ; https://www.medrisknet.com/sustainability,companies/MEDRISK/MedRisk-SB261-Climate-Report-2025.pdf
MEHILAINEN,https://www.mehilainen.fi/,pdf,2024,2096,,2143,,"Mehilainen Sustainability Report 2024 (EN), Group carbon footprint table p.51 (visually confirmed). 2024 figures: Scope 1 = 2,096; Scope 2 = 2,143 tCO2 (Group basis, first year including Sweden/Germany/Estonia alongside Finland; 2022/2023 restated). Scope 2 reported as a single figure - basis (market vs location) not stated, inferred location. Biogenic Scope 1 emissions 104 tCO2e noted separately (p.63).",https://media3.mehilainen.fi/www/pdf/Mehilainen_SustainabilityReport_2024_EN.pdf ; https://www.mehilainen.fi/en/company/sustainability-program,companies/MEHILAINEN/Mehilainen-Sustainability-Report-2024-EN.pdf
MERLIN ENTERTAINMENTS,https://www.merlinentertainments.biz/,pdf,2025,23462,77626,86408,,"Motion JVCo Limited (Merlin's consolidated holding company) Annual Report & Accounts 2025, Climate-Related Reporting, printed p.34 / PDF p.36 (visually confirmed). Reporting period Sep 2024-Aug 2025. Table splits UK and Global(excl. UK); scope totals summed from components: Scope 1 = 8,175 (UK) + 15,287 (Global) = 23,462; Scope 2 location-based = 12,369 + 74,039 = 86,408; Scope 2 market-based = 2,745 + 74,881 = 77,626 tCO2e. Group total (market-based, incl. Scope 3 business travel) = 101,189 tCO2e; intensity 51 tCO2e/GBP1m.",https://www.merlinentertainments.biz/media/8353/motion-jvco-annual-report-and-accounts-2025.pdf ; https://www.merlinentertainments.biz/investor-relations/results-reports-and-presentations,companies/MERLIN ENTERTAINMENTS/Merlin-MotionJVCo-Annual-Report-2025.pdf
MI WINDOWS AND DOORS INC,https://miwindows.com/,none,,,,,,"MI Windows is a brand of MITER Brands (private; also owns Milgard). miwindows.com live-scraped (site alive), no ESG content. Parent MITER Brands sustainability page (miterbrands.com/sustainability) is qualitative only - ENERGY STAR products, recycled glass / reclaimed vinyl, water conservation - with no absolute Scope 1/2 figures and no downloadable ESG report. Search surfaced no emissions report.",https://miwindows.com/ ; https://www.miterbrands.com/sustainability,
MINIMAX VIKING,https://www.minimax-viking.com/,none,,,,,,"Minimax Viking Group (private, KIRKBI-owned German fire-protection group). Holding site (minimax-viking.com, EN & DE) live-scraped - minimal, links only to legal + LkSG (German Supply Chain Act) documents. Full-text grep of the LkSG report found only supply-chain pollutant references (NOx, SO2), no company GHG inventory. Operating site minimax.com (DE) live-scraped and mapped - no sustainability/Nachhaltigkeit pages or Scope 1/2 figures. No absolute emissions published.",https://www.minimax-viking.com/ ; https://www.minimax.com/DE/de/ ; https://www.minimax-viking.com/files/Bericht_zum_LkSG_MV_Holding_GmbH.pdf,
MIRION,https://www.mirion.com/,pdf,2023,,,,,"Mirion 2023 Corporate Social Responsibility Report (latest found) collected. Both the report (Environment section, p.14-15, visually confirmed) and the live /responsibility/environment page state Mirion has 'begun monitoring energy consumption... including evaluating methods to calculate our Scope 1 and 2 GHG emissions' - i.e. no absolute Scope 1/2 figures published yet. Confirmed latest available: no newer sustainability/ESG report surfaced on mirion.com or via search.",https://assets-mirion.mirion.com/prod-20220822/cms4_mirion/files/pdf/legal/csr-report-brochure.pdf ; https://www.mirion.com/responsibility/environment,companies/MIRION/Mirion-2023-CSR-Report.pdf
MISTER CAR WASH,https://mistercarwash.com/,none,,,,,,"Public co (NYSE: MCW). Sustainability page (mistercarwash.com/sustainability) live-scraped - qualitative only: freshwater recycling/reduction (RO reject-water reuse), smart energy consumption (air gates on dryers), phosphate/dye-free products. No absolute Scope 1/2 figures, no tCO2e, no downloadable ESG report. Search found no company-published emissions report (only the qualitative page, a 2022 10-K annual report, and third-party ESG aggregators).",https://mistercarwash.com/sustainability/,
MITCHELL INTERNATIONAL INC,https://www.mitchell.com/,none,,,,,,"No Scope 1/2 disclosure found. mitchell.com live (HTTP 200, Drupal) with 623 mapped URLs but no sustainability/ESG/environment section (only auto-claims 'insights' articles). Mitchell operates within parent group Enlyte (Mitchell|Genex|Coventry, Stone Point Capital); enlyte.com live (HTTP 200) but 'site:enlyte.com sustainability ESG' returned no results and broad Mitchell/Enlyte ESG-report searches returned only unrelated companies. No public absolute figures or report.",https://www.mitchell.com/,
MJH LIFE SCIENCES,https://www.mjhlifesciences.com/,none,,,,,,Sustainability page (live-scraped) publishes only reduction TARGETS (reduce absolute Scope 1+2 GHG 90% by 2045 from a 2023 base year; Scope 1 42% by 2030) plus an EcoVadis 'Committed' badge (score 59). No absolute Scope 1/2 figures and no ESG/sustainability report PDF on site (map's only PDFs are ISO 27001/27701 certs); search found no MJH report. Targets are not reported data.,https://www.mjhlifesciences.com/sustainability/,
MKS INSTRUMENTS,https://www.mks.com/,pdf,2024,7254,57119,63582,,"MKS Inc. 2025 ESG Report, calendar-year 2024 data. Values from Appendix Environmental Data table p.31 (Scope 1 7,254; Scope 2 market-based 57,119; Scope 2 location-based 63,582 t CO2e), corroborated by TCFD Index p.35 (Scope 1 7,254; Scope 2 market-based 57,119). Visually confirmed on rendered pages. Report link from live scrape of mks.com sustainability page.",https://www.mks.com/mam/celum/MKS-ESGReport-2025.pdf,companies/MKS INSTRUMENTS/MKS-ESG-Report-2025.pdf
MONBAKE,https://monbake.com/,none,,,,,,"Spanish bakery group (private). Sustainability page (EN + ES, both live-scraped) publishes only an avoided-emissions marketing figure (1,319,576 kg CO2 'prevented from reaching the atmosphere' via LED/refrigeration upgrades) and qualitative content, not a Scope 1/2 inventory. No absolute Scope 1/2 figures and no ESG/sustainability report PDF on site (map has no report PDF) or in search.",https://www.monbake.com/sostenibilidad/,
MORRISONS,https://www.morrisons-corporate.com/,screenshot,FY2022/23,,,,548655,"Reported combined only. On-page 'Group greenhouse gas emissions (tonnes of CO2e)' chart on the live Climate page shows operational Scope 1+2 total; latest bar FY2022/23 = 548,655 tCO2e (chart-read, confirmed via zoom; magnitude confirms Scope 1+2, not Scope 3). Scope 2 basis (market vs location) not stated. FY23-24 Sustainability Report (also collected) gives only % changes (operational Scope 1+2 down 26.75% vs 2019 baseline; Scope 1 up ~7.2% in FY23/24) with no absolute split or FY23/24 absolute total. Confirmed FY23-24 is the latest report available (search for 2025/FY24-25/2026 found none; only a Dec-2025 news item on delayed net-zero targets).",https://www.morrisons-corporate.com/morrisons-sustainability/energy-and-climate/climate ; https://www.morrisons-corporate.com/globalassets/corporatesite/sustainability/morrisons-sustainability-report-fy23-24.pdf,companies/MORRISONS/Morrisons-scope-1-2-emissions-page.png ; companies/MORRISONS/Morrisons-Sustainability-Report-FY23-24.pdf
MOTEL ONE,https://www.motel-one.com/,pdf,,,,,,"Intensity-only reporter. ESG Brochure (EN, 2024 data; linked from live sustainability overview page, hosted on motel-one.com) reports CO2 emissions per room night for Scopes 1 and 2 only: 2.49 kg (2019) -> 1.23 kg (2024), a 51% intensity reduction; HCMI value 2.09 kg/room night incl. Scopes 1&2 + laundries (Scope 3). No absolute Scope 1/2 tonnage published (p.5 climate page, visually confirmed; full-text scan found no absolute totals).",https://www.motel-one.com/fileadmin/dam/Motel_One_Website/Corporate/Nachhaltigkeit/ESG-Broschure_Motel_One_EN.pdf,companies/MOTEL ONE/Motel-One-ESG-Brochure-EN.pdf
MSCI INC,https://www.msci.com/,pdf,2024,543,97,7140,,"MSCI dedicated emissions data sheet MSCI_Emissions_2019-2024.pdf (company-hosted on msci.com). 2024 Emissions by Scope table (p.1), metric tons CO2e: Scope 1 = 543 (MB=LB); Scope 2 market-based (Primary/MB) = 97; Scope 2 location-based (Secondary/LB) = 7,140. Arithmetic cross-checked (Total MB 640 = 543+97; Total LB 7,683 = 543+7,140). Live environmental-sustainability hub confirms 2024 is the latest reported year. Visually confirmed on rendered p.1.",https://www.msci.com/downloads/web/msci-com/discover-msci/corporate-responsbility/environmental-sustainability/MSCI_Emissions_2019-2024.pdf,companies/MSCI INC/MSCI-Emissions-2019-2024.pdf
NEP GROUP,https://www.nepgroup.com/,pdf,,,,,,"NEP Sustainability & ESG Report 2025 (collected; linked from live nepgroup.com/about/esg page, Webflow CDN counts as company-linked). Report is aspirational/qualitative: states intent to 'gather comprehensive assurance grade data globally each year... including global carbon emissions' and to use carbon evidence to set targets (future tense). Full-text scan found NO Scope 1/2 keywords and no absolute GHG inventory (only an LED-initiative saving of 399 tonnes and a Carbon Footprint Ltd partnership). No absolute Scope 1/2 figures published yet.",https://cdn.prod.website-files.com/685ec3fa6b1973f9f4e0f9c5/68a361c538bb90257da9e001_NEP%20Sustainability%20%26%20ESG%20Report%202025.pdf,companies/NEP GROUP/NEP-Sustainability-ESG-Report-2025.pdf
NEXSTAR,https://www.nexstar.tv/,pdf,,,,,,"Nexstar Media Group 2025 Governance & Sustainability Report (dated 28 May 2026; collected from live nexstar.tv investor-relations page, the latest edition). Company states (p.6) that it believes its Scope 1 and Scope 2 emissions are immaterial; completed only a preliminary internal analysis for 2022-2025 applying 2020 EPA societal-cost estimates. Full-text grep for CO2/tonnes/metric-ton returned NO absolute figures. No Scope 1/2 tonnage published. (Aggregator ResponsibilityReports.com appeared in search but was excluded.)",https://www.nexstar.tv/wp-content/uploads/2026/05/NXST-2025-Governance-and-Sustainability-Report-5.28.26.pdf,companies/NEXSTAR/Nexstar-Governance-Sustainability-Report-2025.pdf
NIELSENIQ,https://nielseniq.com/,pdf,2024,4615,20236,18695,,"NIQ 2025 ESG Progress Report (covers 2024; report link confirmed live from NIQ news-center announcement dated 23 Oct 2025, PDF hosted on nielseniq.com). p.19 'NIQ Environmental Data', GHG Emissions 2024 (metric tons CO2e), externally verified: Scope 1 = 4,615; Scope 2 location-based = 18,695; Scope 2 market-based = 20,236 (Scope 3 = 126,604). Visually confirmed on rendered p.19.",https://nielseniq.com/global/en/wp-content/uploads/sites/4/2025/10/31518-NIQ-ESG-Report-2025-d11.pdf,companies/NIELSENIQ/NielsenIQ-ESG-Report-2025.pdf
PERRIGO,https://www.perrigo.com/,pdf,2023,68712,77716,80712,,"Perrigo 2024 Sustainability Report, Data Summary p.34, 2023 column (latest of 2020-2023). Units MT CO2e = tCO2e (no conversion). Scope 1 (Own Operations) 68,712; Scope 2 market-based 77,716; Scope 2 location-based 80,712. Report also gives Total Scope 1+2 market-based 146,427 (split recorded, combined omitted). Staleness check: live environment page + firecrawl search confirm the 2024 Sustainability Report is the latest available (data through 2023).",https://s3.eu-west-3.amazonaws.com/perrigo.com/perrigo_com_assets/documents/inline-documents/2024%20Sustainability%20Report-v26.pdf?VersionId=WgocY2i54G.F52HpyklNcIIgueIfDxi5 ; https://www.perrigo.com/our-commitment-environment,companies/PERRIGO/Perrigo-Sustainability-Report-2024.pdf
PETSMART,https://www.petsmart.com/,pdf,2024,43679,,193396,,"PetSmart reports ESG on its corporate site petsmartcorporate.com (input petsmart.com is the retail store site). Scope 1/2 from 2025 TCFD Report p.8, Emissions (MTCO2e) table, 2024 column (latest of 2018-2024): Scope 1 43,679; Scope 2 193,396. MTCO2e = tCO2e (no conversion). Scope 2 is location-based (CSR report references location-based emissions; no market-based figure published). Values read from rendered page - pdftotext column-shifted on this table. Also collected 2025 CSR Report. Hosting page petsmartcorporate.com/our-social-responsibility.",https://petsmartcorporate.com/s/2025-PetSmart-TCFD-Report.pdf ; https://petsmartcorporate.com/s/2025-CSR-Report-FINAL.pdf ; https://petsmartcorporate.com/our-social-responsibility,companies/PETSMART/PetSmart-TCFD-Report-2025.pdf ; companies/PETSMART/PetSmart-CSR-Report-2025.pdf
PG&E CORPORATION,https://www.pgecorp.com/,screenshot,2024,3410000,,240000,,"PG&E 2025 Corporate Sustainability Report, 'Reducing our carbon footprint' page, Scope 1/2/3 table, 2024 column (latest of 2022-2024). Reported in Million Metric Tons CO2-e: Scope 1 = 3.41 Mt -> 3,410,000 tCO2e; Scope 2 = 0.24 Mt -> 240,000 tCO2e (converted from million tonnes). Scope 2 basis not labelled (utility: facility electricity use + electric line losses) - recorded as location-based, inferred. Latest-year values not too coarse (<10% rounding step). Full-page screenshot captured and visually verified; used 2025 report page (newer than the 2024 report which carried 2023 data).",https://www.pgecorp.com/sustainability/corporate-sustainability/corporate_sustainability_report_2025/planet/reducing_our_carbon_footprint.html,companies/PG&E CORPORATION/PG&E CORPORATION-scope-1-2-emissions-page.png
PHARMANOVIA,https://www.pharmanovia.com/,pdf,2023,60,0,,,"Latest published report is the interactive 'Sustainability Report 2024' flipbook at pharmanovia.com/sustainability-report/ - no downloadable/extractable PDF (content served as page images), so 2024 figures could not be mined. Values are from the 'ESG In Review 2023' mini-report, Our Performance p.4, 2023 column: Scope 1 = 60 tCO2e; Scope 2 = 0 tCO2e. Scope 2 basis not stated; value of 0 (trend 76->3->0 across 2021-2023) indicates market-based via renewable electricity - inferred market-based. SBTi net-zero targets approved 2023.",https://pharmanovia.com/wp-content/uploads/2024/06/Mini-Report-Plan-2023_v05_FINAL-1.pdf ; https://pharmanovia.com/sustainability-report/,companies/PHARMANOVIA/Pharmanovia-Sustainability-Report-2023.pdf
PHENNA GROUP,https://www.phennagroup.com/,pdf,FY2025,14014,,4033,,"Phenna Group Climate-related Financial Disclosure (CFD) Report (published March 2026), Targets and Metrics, 'GHG Emissions (tCO2e) By Scope' p.17, Global Total FY25 column (latest of FY24/FY25): Scope 1 = 14,014.02; Scope 2 = 4,033.21 tCO2e (decimals dropped). Scope 2 is a single undifferentiated figure (no market/location split) - recorded as location-based, inferred. Report URL from firecrawl search (cfd-report-march-2026.pdf, on phennagroup.com's own media host); filename dated March 2026, current reporting cycle - latest available.",https://phennagroup.com/media/4rkkenqq/cfd-report-march-2026.pdf,companies/PHENNA GROUP/Phenna-Group-Climate-Related-Financial-Disclosure-2026.pdf
PHM GROUP,https://www.phmgroup.com/,pdf,FY2025,23900,2200,1500,,"PHM Group Annual Report 2025 (FY2025), Sustainability Report section, 'Gross Scopes 1, 2 and 3' table p.99, '2025 Emissions' column (vs 2024 base year): Scope 1 = 23,900 tCO2eq; Scope 2 location-based = 1,500; Scope 2 market-based = 2,200. tCO2eq = tCO2e (no conversion). Both bases published (report notes location-based rose on emission-factor changes while market-based fell on fossil-free electricity contracts). Values read from rendered page - pdftotext column-shifted. Report from live investors/reports hub (latest = Annual Report 2025, published Apr 2026).",https://www.phmgroup.com/wp-content/uploads/2026/04/PHM-Group-Holding-Oyj-Annual-Report-2025.pdf ; https://www.phmgroup.com/investors/reports,companies/PHM GROUP/PHM-Group-Annual-Report-2025.pdf
PLANET,https://www.weareplanet.com/,none,,,,,,"No Scope 1/2 disclosure found. Site alive (homepage HTTP 200 this run). Map of weareplanet.com (604 URLs) returned no sustainability/ESG/emissions page. General search surfaced only Planet Labs PBC's ESG report - a DIFFERENT company (satellite imaging, planet.com), not the payments/tax-free-shopping 'Planet' at weareplanet.com. Site-scoped search (site:weareplanet.com) for sustainability/carbon/emissions found no report. Private company, no operating parent to report under.",https://www.weareplanet.com/,
PODS,https://www.pods.com/,none,,,,,,"No Scope 1/2 disclosure found. Site alive (homepage HTTP 200 this run). Map of pods.com (1,892 URLs) returned only product/marketing pages (moving-trends reports, climate-controlled storage, sustainable-living blogs) - no corporate sustainability/ESG/emissions page. General search and site-scoped search (site:pods.com) found no company-published emissions report (only marketing blogs). Private company (PODS Enterprises), no operating parent.",https://www.pods.com/,
POINTCLICKCARE,https://pointclickcare.com/,none,,,,,,"No Scope 1/2 disclosure found. Site alive (homepage HTTP 200 this run). Map of pointclickcare.com (1,593 URLs) returned only healthcare-software blogs/webinars/resources - no corporate sustainability/ESG/emissions page. General search surfaced only an aggregator (ditchcarbon, excluded) and unrelated companies (eHealth, Clicks Group); site-scoped search (site:pointclickcare.com) returned no results. Private company, no operating parent.",https://pointclickcare.com/,
PRESIDIO HOLDINGS INC,https://www.presidio.com/,none,,,,,,"No Scope 1/2 disclosure found. Site alive (homepage HTTP 200 this run). Map of presidio.com (1,614 URLs) returned tech/AI/cloud reports, blogs, and one client sustainability case study - no own corporate sustainability/ESG/emissions page. General search surfaced only unrelated entities (Redlands college 'Presidio Center', Palo Alto Networks, Kyndryl, Xperi) and an aggregator (ditchcarbon, excluded); site-scoped search (site:presidio.com) returned only a data-platform ebook. Presidio Inc (IT solutions, formerly NASDAQ-listed, now BC Partners-owned); no company-published Scope 1/2 data.",https://www.presidio.com/,
PRO MACH,https://www.promachbuilt.com/,pdf,2024,10163,24566,22346,,"ProMach 2024 Sustainability/ESG Report, Performance Data Tables p.50 (metric tons CO2e = tCO2e), visually confirmed on rendered page: Scope 1 10,163; Scope 2 market-based 24,566; Scope 2 location-based 22,346 (report also gives combined market 34,729 / location 32,509 - split recorded per rule). Inaugural GHG inventory, 2024 baseline year. Report live-linked as Sustainability Report from company about-us page (company CDN built-promach.files.svdcdn.com). CAUTION handled: pdftotext -layout mis-mapped the energy-table rows onto the emissions rows; values taken from the rendered page.",https://www.promachbuilt.com/company/about-us ; https://built-promach.files.svdcdn.com/production/esg/ProMach_2024_ESG_Report.pdf?dm=1764080935,companies/PRO MACH/PROMACH-ESG-Report-2024.pdf
PYE-BARKER,https://pyebarkerfire.com/,none,,,,,,"Pye-Barker Fire & Safety (private; pyebarkerfire.com redirects to pyebarkerfs.com). No emissions/GHG/sustainability disclosure. Site alive (live scrape of /community-impact returned ~19.7KB); site map (884 URLs: news/blog/services/community only) shows no ESG or sustainability report and no Scope 1/2 data. Company runs a charitable community-impact program, not emissions reporting.",https://pyebarkerfs.com/community-impact,
QUEST SOFTWARE,https://www.quest.com/,pdf,,,,,,"Quest 2025 Climate-related Disclosures (TCFD) report, p.7 (visually confirmed): 'We have not yet established formal scope 1, 2, or 3 GHG emissions inventories' and 'have not yet set formal climate-related targets.' No absolute Scope 1/2 figures published. Report live-linked from quest.com/legal/sustainability.aspx.",https://www.quest.com/legal/sustainability.aspx ; https://www.quest.com/docs/quest-tcfd-report-legal-173572.pdf,companies/QUEST SOFTWARE/QUEST-TCFD-Report.pdf
QXO,https://www.qxo.com/,pdf,2023,100100,5600,15507,,"Values are for QXO's subsidiary BEACON ROOFING SUPPLY (QXO acquired Beacon 29 Apr 2025). Beacon 2023 Corporate Social Responsibility Report, Emissions Disclosures p.24 (physical PDF p.26), visually confirmed: Scope 1 ~100,100; Scope 2 location-based ~15,507; Scope 2 market-based ~5,600 metric tons CO2e (=tCO2e); 2023 reporting year (latest bar on the report's own intensity chart). QXO has published no own sustainability report; qxo.com hosts only Beacon's older 2022 CSR report. 2023 report taken from Beacon's own production CDN (site.becn.com); confirmed latest available - searches found no 2024 Beacon/QXO report (Beacon acquired mid-2025).",https://www.qxo.com/2022-csr-report ; https://site.becn.com/site/binaries/content/assets/pdfs/beacon-2023-csr-report.pdf,companies/QXO/BEACON-CSR-Report-2023.pdf
RACKSPACE HOSTING INC,https://www.rackspace.com/,pdf,2024,630,39550,,,"Rackspace Technology 2025 Sustainability Report (revised 14 Oct 2025), GHG emissions section physical PDF p.14 (visually confirmed), latest reporting year 2024: Scope 1 630; Scope 2 market-based 39,550 metric tons CO2e (=tCO2e). Only market-based Scope 2 published (no location-based). 2023 org-boundary redefinition (operational control) moved some Scope 1/2 to Scope 3, explaining the large drop vs 2022. Report embedded/linked at the sustainability-report page.",https://www.rackspace.com/resources/2025-sustainability-report,companies/RACKSPACE HOSTING INC/RACKSPACE-Sustainability-Report-2025.pdf
RADNET MANAGEMENT INC,https://www.radnet.com/,pdf,,,,,,"RadNet does not disclose Scope 1/2 GHG emissions. FY2024 Form 10-K (annual report) full-text scanned: no GHG/Scope/emissions inventory (only 'positron emission tomography' medical term and one generic climate-change risk-factor line). No separate ESG/sustainability report found via site map (730 URLs, no responsibility/ESG page) or firecrawl search. Homepage live (HTTP 200) at collection. Deliverable is the FY2024 10-K.",https://www.radnet.com/about-radnet/investor-relations/sec-filings,companies/RADNET MANAGEMENT INC/RADNET-Form-10K-2024.pdf
RAISING CANES,https://www.raisingcanes.com/,none,,,,,,Raising Cane's (private restaurant chain). No emissions/GHG/sustainability disclosure. Site alive (live scrape of /who-we-are returned ~25KB); site map (102 URLs: menu/news/community/careers/merchandise only) shows no ESG or sustainability report and no Scope 1/2 data.,https://www.raisingcanes.com/who-we-are,
RAMSAY SANTE,https://ramsaysante.eu/,pdf,FY2025,45509,12955,13604,,"Ramsay Sante Universal Registration Document 2025 (AMF filing D.25-0689), Climate change - ESRS E1, 'GHG emissions - Group' table (financial year 1 Jul to 30 Jun), report p.226 / physical PDF p.228, visually confirmed. Latest year FY25 (year ended 30 Jun 2025): Scope 1 45,509; Scope 2 location-based 13,604; Scope 2 market-based 12,955 (all TCO2eq = tCO2e). FY24 Scope 2 was NA (CSRD methodology change). Ramsay Sante is separately listed (Euronext Paris) and files its own URD with its own consolidated group figures - no parent report needed. Availability confirmed on live company page dated 29 Oct 2025; English URD PDF hosted on ramsaysante.eu.",https://www.ramsaysante.eu/press-releases-and-financial-reports/availability-universal-registration-document-2025,companies/RAMSAY SANTE/RAMSAY-SANTE-URD-2025.pdf
RAMUDDEN,https://www.ramudden.com/,none,,,,,,"Assigned domain www.ramudden.com UNREACHABLE at collection (connection timeout, then connection refused on retry); firecrawl map returned 0 URLs. Company operates and reports via group site ramuddenglobal.com (live, mapped+scraped): latest = Ramudden Global Annual Report 2025 (issuu English/Swedish flipbooks) plus Ramudden AB Sustainability Report 2023 (issuu). Reports are issuu flipbook-only - not downloadable as verifiable PDFs and Scope 1/2 not extractable (issuu reader3 API returns AccessDenied; firecrawl scrape of the flipbook yielded no figures). Ramudden Global won Triton's 2023 ESG award. Scope 1/2 values require manual retrieval from the issuu report.",https://www.ramuddenglobal.com/about-us/ramudden-global/annual-report-2025 ; https://issuu.com/ramuddenab/docs/ramudden_global_annual_report_2025 ; https://issuu.com/ramuddenab/docs/sustanability_report_2023,
RCN GRANDE WAVE,https://www.astound.com/,none,,,,,,"Astound Broadband (brands RCN, Grande, Wave; private, Stonepeak-owned). No emissions/GHG/sustainability disclosure. Site alive (live scrape of /about-us/impact returned ~46KB) showing only community/charity content (Feeding America, Habitat for Humanity, diversity); site map (422 URLs) shows no sustainability report and no Scope 1/2 data.",https://www.astound.com/about-us/impact,
SEDGWICK,https://www.sedgwick.com/,none,,,,,,"Site alive (HTTP 200). Sedgwick announced its FIRST group Sustainability Report via LinkedIn (post 7388923917790363648, ~Oct 2025) but the report PDF is not discoverable on sedgwick.com: full 3000-URL map (all www.sedgwick.com) has no sustainability/ESG/CSR report hub; homepage and /about scrapes show no report link; 3 targeted searches surfaced only the LinkedIn announcement, a UK 'path to net carbon zero' article (no absolute figures), and 'green thread'/'caring counts' blogs. No absolute Scope 1/2 figures on public site.",https://www.sedgwick.com/ ; https://www.sedgwick.com/about/,
SELECT MEDICAL,https://www.selectmedical.com/,pdf,,,,,,"Only a qualitative Environmental Policy published (Governance section, rev. 2024-01). Policy states intent to reduce energy use and emissions but publishes NO Scope 1/2 tCO2e inventory. IR page has no ESG links; search found only this policy + corporate-governance, no sustainability report with figures. ('SCOPE' heading in the policy = policy applicability, not GHG scopes.)",https://www.selectmedical.com/-/media/project/selectmedical/inpatients/selectmedical/files/governance/select-medical-environmental-policy.pdf,companies/SELECT MEDICAL/Select-Medical-Environmental-Policy.pdf
SHEARERS FOODS LLC,https://www.shearers.com/,none,,,,,,"Site alive (HTTP 200). Small marketing site (28 mapped URLs) with no sustainability/ESG/report section; /culture scrape has no report link. Shearer's announced an 'FY24 Impact Report' via LinkedIn (activity 7372248226105577472) and a sustainability Facebook video, but the report PDF is NOT hosted on shearers.com or any discoverable company CDN (search surfaced only unrelated/third-party PDFs; aggregators banned). Private (Ontario Teachers' PP portfolio). No collectible own-site Scope 1/2 evidence.",https://www.shearers.com/ ; https://www.shearers.com/culture,
SHIFT 4 PAYMENTS,https://www.shift4.com/,pdf,,,,,,"Collected Shift4's only ESG disclosure: the 'ESG Fact Sheet' infographic (linked from live ESG page; hosted on Shift4's own S3 bucket shift4-payments-files). Single page with renewable-energy %, e-waste/scrap weights, DEI/community/governance stats and a per-data-center 'Net zero scope 1 & 2 carbon' aspiration for the Las Vegas (Switch) site - but NO absolute company-wide Scope 1/2 tCO2e inventory. ESG page states the program is early-stage ('developing a reporting framework'). Data vintage ~2022-2023. Visually reviewed (single-page doc).",https://www.shift4.com/environmental-social-governance ; https://s3.amazonaws.com/shift4-payments-files/S4_ESG_Infographic.pdf,companies/SHIFT 4 PAYMENTS/Shift4-ESG-Infographic.pdf
SIMON & SCHUSTER,https://www.simonandschuster.com/,none,,,,,,"Corporate sustainability page (simonandschuster.biz/p/social-impact-sustainability) is qualitative only: NJ warehouse solar array (5,256 panels/2 MW, 2,192 MWh/yr, ~942 metric tons/yr CO2 avoided - a single-array reduction, NOT a Scope 1/2 inventory), FSC/SFI-certified paper (2022 mix), recycled cartons, Trees for the Future sponsorship. NO absolute Scope 1/2 figures. Full-page screenshot captured as evidence and visually confirmed. Now KKR-owned (private since Oct 2023; previously reported under parent Paramount Global).",https://www.simonandschuster.biz/p/social-impact-sustainability,companies/SIMON & SCHUSTER/Simon-Schuster-scope-1-2-emissions-page.png
SINCLAIR BROADCASTING,https://sbgi.net/,pdf,2023,,,,,"Latest CSR report = 2023 Corporate Social Responsibility Report (published 4/22/2024; from live IR 'Corporate Responsibility' hub; hosted on Sinclair CDN d2ghdaxqb194v2.cloudfront.net). SASB-based, 19 pp. Environmental section is narrative only (battery recycling, LED/HVAC, 131 energy-efficient transmitters, only 'beginning to measure this portion of our carbon footprint') - NO Scope 1/2 or tCO2e figures. Full-text grep (all 4 carbon/emission hits inspected) + visual check of environmental page confirm no inventory. Confirmed latest via live hub + search (no 2024/25 report; 'HF Sinclair' hits are an unrelated oil refiner).",https://sbgi.net/investor-relations/corporate-responsibility ; https://d2ghdaxqb194v2.cloudfront.net/2732/193748.pdf,companies/SINCLAIR BROADCASTING/Sinclair-Corporate-Social-Responsibility-Report-2023.pdf
SIVANTOS,https://www.wsa.com/,pdf,FY2024/25,2611,387,11506,,"Sivantos is now WS Audiology (WSA): Sivantos (ex-Siemens Audiology) merged with Widex in 2019 to form WSA; wsa.com is WSA's site. Values are WSA GROUP FY2024/25 from the ESRS E1-6 'Gross Scopes 1,2,3' table on p.61 of the WSA Annual Report 2024/25 (latest, from live /investors/reports hub; hosted on WSA Azure CDN). Gross Scope 1 = 2,611 tCO2e; Gross Scope 2 market-based = 387 tCO2e; Gross Scope 2 location-based = 11,506 tCO2e. Visually confirmed against rendered page.",https://www.wsa.com/investors/reports ; https://wsa-com-prod-bwa6fdbwhjcnhbd2.a03.azurefd.net/wp-content/uploads/2025/11/WSA_AR-2024-25_Final.pdf,companies/SIVANTOS/WS-Audiology-Annual-Report-FY2024-25.pdf
SIX FLAGS INC,https://www.sixflags.com/,pdf,2022,,,,,"Current Six Flags Entertainment Corp = July-2024 merger of Cedar Fair + Six Flags (surviving corporate entity is former Cedar Fair). Only ESG report in the lineage is Cedar Fair's first '2022 Soul of Cedar Fair' ESG strategy report (63 pp; hosted on the current Six Flags IR CDN s204.q4cdn.com/155295784). It was still ESTABLISHING emissions baselines ('IN PROCESS') and publishes NO absolute Scope 1/2 inventory (full-text grep: zero 'scope 1/2' hits; only a per-park waste-to-energy 'GHGs avoided' 3,080 mtCO2e stat). Current merged entity has published no newer sustainability report (consumer site: 0 ESG; IR: governance docs only; FY2024 10-K full text: no GHG inventory; 4 searches: none).",https://s204.q4cdn.com/155295784/files/doc_downloads/2022-Soul-of-Cedar-Fair-Report.pdf ; https://investors.sixflags.com/corporate-governance/governance-resources/default.aspx,companies/SIX FLAGS INC/CedarFair-2022-Soul-of-Cedar-Fair-ESG-Report.pdf
SKECHERS,https://www.skechers.com/,pdf,2024,15854,75148,72449,,"Skechers 2024 Impact Report (latest; from live about.skechers.com/social-responsibility hub; hosted on about.skechers.com). GHG table p.16 (MTCO2e = tCO2e), FY2024 column: Scope 1 = 15,854; Scope 2 location-based = 72,449; Scope 2 market-based = 75,148. Visually confirmed against rendered page; math checks (S1 15,854 + S2 market 75,148 = 91,002 market total; + S2 location 72,449 = 88,303 location total).",https://about.skechers.com/social-responsibility ; https://about.skechers.com/wp-content/uploads/2025/07/corp68817-final_comp_ref__lores_.pdf,companies/SKECHERS/Skechers-Impact-Report-2024.pdf
SOCOTEC,https://www.socotec.com/,pdf,2025,36408,6334,4522,,"SOCOTEC Group Sustainability Report year 2025 (latest; linked as 'SOCOTEC Group Sustainability report' from live CSR hub; hosted on socotec.com/s3fs-public). 'GHG Emissions by Scope' table (report p.82 / PDF p.42), 2025 column: Scope 1 = 36,408 tCO2e (36,408.36); Scope 2 location-based = 4,522 tCO2e (4,522.28); Scope 2 market-based = 6,334 tCO2e (6,333.69) - market>location as published. Visually confirmed against rendered page. (Direct PDF URL 403'd on curl; on-disk copy from earlier this run verified valid + content matches the live-hub-linked 2025 edition.)",https://www.socotec.com/discover-socotec/corporate-social-responsibility ; https://www.socotec.com/s3fs-public/2026-06/en-socotec-2025_complete-double.pdf,companies/SOCOTEC/SOCOTEC-Integrated-Report-2025.pdf
NOBIAN,https://www.nobian.com/,pdf,2025,477400,362400,,,"Sustainability Report 2025, ESG Factsheet p.60 (visually confirmed) and chart p.74; values converted from kton CO2-eq x1000 (Scope 1 477.4 kton; Scope 2 362.4 kton). Scope 2 is market-based per Basis of Reporting p.66 ('All electricity purchased at Nobian is market-based'; supplier-specific factors used) - stated, not inferred; location-based not reported. Total Scope 1+2 = 840 kton.",https://www.nobian.com/storage/uploads/Documents/Sustainability/Sustainability%20Report%202025/Nobian%20Sustainability%20Report%202025.pdf?_t=1778054387,companies/NOBIAN/Nobian-Sustainability-Report-2025.pdf
NORD ANGLIA,https://www.nordangliaeducation.com/,none,,,,,,"No corporate Scope 1/2 disclosure found. Site alive (social-purpose page scraped successfully, ~20KB markdown). Map (2,999 URLs) filtered for sustain/esg/climate/emission/carbon/report surfaced only individual-school news pages - no corporate sustainability/GHG report page. Two web searches (general + site:nordangliaeducation.com) returned only a third-party aggregator (ditchcarbon.com, excluded), single-school solar/SDG news, school brochures, and generic education-sector studies - no company-published absolute Scope 1/2 figures. Large private K-12 education group (89 schools/37 countries).",https://www.nordangliaeducation.com/oustanding-experiences/social-purpose,
NORGINE,https://norgine.com/,none,,,,,,"No Scope 1/2 disclosure found. Site alive (scraped /responsibility and /page_content/partnering-sustainable-performance successfully). Full map (601 URLs) had only /responsibility plus one partnering page under the sustainability filter - both narrative on ethics/compliance, no emissions data or report links. Web search + site:norgine.com search returned only corporate policy PDFs (Business Code, AML, Anti-Bribery, Fraud, Tax-Evasion) - no sustainability/ESG/annual report with emissions data. Private pharmaceutical company (Goldman Sachs majority since 2024).",https://norgine.com/responsibility,
NORMEC,https://normecgroup.com/,pdf,2024,11988,,3552,,"ESG Report 2024-25, KPI table p.117 (visually confirmed) and CO2 assessment p.78; latest year 2024: Scope 1 = 11,988, Scope 2 = 3,552 tCO2e (already in tCO2e). Single undifferentiated Scope 2 figure - full-text grep found no 'market-based'/'location-based' anywhere in the report; basis not stated so placed as location-based, inferred. SBTi-validated Feb 2024; Scope 3 2024 = 59,112.",https://normec.bynder.com/m/63ea0adf3f5e934f/original/ESG-report-24-25-EN.pdf,companies/NORMEC/Normec-ESG-Report-2024-25.pdf
NORTONLIFELOCK,https://www.gendigital.com/,pdf,FY2026,115,5723,6382,,"NortonLifeLock rebranded to Gen Digital (Nov 2022, ticker NLOK->GEN); the input website is already the successor domain gendigital.com. Figures from Gen Digital 2026 Social Impact Report, 2026 Data Tables p.34 (visually confirmed); GHG inventory third-party verified. Latest column (FY2026) of a 2024/25/26 table: Scope 1 = 115, Scope 2 market-based = 5,723, Scope 2 location-based = 6,382 tCO2e (metric tons CO2e, no conversion). The on-page environment page showed only reduction % (43%); values taken from the report PDF, which is linked live from that page.",https://investor.gendigital.com/files/doc_downloads/2026/06/26/2026-Gen-Social-Impact-Report_FINAL.pdf,companies/NORTONLIFELOCK/Gen-Digital-Social-Impact-Report-2026.pdf
NOVATASTE,https://www.novataste.com/,pdf,,,,,,"No absolute Scope 1/2 figures published. Site alive (sustainability, decarbonization and landing pages all scraped). NovaTaste commits to reducing its corporate carbon footprint vs a 2024 baseline (Net Zero 2050; reductions by 2030) and states it maintains a Group-wide GHG inventory covering Scope 1/2/3 (Climate & Environmental Policy 2026 p.4, collected) - but publishes NO absolute emission values anywhere on its site (only policy, materiality matrix, supplier code). Web search for 'NovaTaste Scope 1 2 emissions' returned nothing company-specific. Private food-ingredients company, early in its climate journey. Policy PDF kept as evidence; empty values render as 'nothing published'.",https://www.novataste.com/en/sustainability/decarbonization-and-sustainable-operations ; https://www.novataste.com/dam/files/aa29ecf45c0d4ff9a3c53797cd4e07974bb2e29c/b199ce3deac2be7e3a6441ad7fd8e14c/28fc932c-5a7a-42f9-b7d6-daedc474b4f6/NovaTaste-Climate-and-Environmental-Policy-Final-Version-2026,companies/NOVATASTE/NovaTaste-Climate-and-Environmental-Policy-2026.pdf
NVENT,https://www.nvent.com/,pdf,2025,28718,37955,58409,,"2025 Sustainability Report, Appendix GHG Emissions data table p.70 (visually confirmed). 2025 (latest): Scope 1 = 28,718, Scope 2 market-based = 37,955, Scope 2 location-based = 58,409 tCO2e (metric tons CO2e, no conversion). Totals: market-based 66,673 / location-based 87,128. SBTi-aligned 50% Scope 1&2 reduction by 2030 vs 2024. Report hosted on nVent's Widen asset host (allowed).",https://nvent.widen.net/s/jbjd9kgvbg/2025-sustainability-report-final,companies/NVENT/nVent-2025-Sustainability-Report.pdf
OCS GROUP,https://www.ocs.com/,pdf,2024,18136,,2396,,"OCS Group Topco Ltd Annual Report & Financial Statements 2024 (the ocs.com URL serves the PDF directly). TCFD section 'Full Group Scope 1 & 2 consolidated GHG emissions' p.33 (visually confirmed): calendar year 2024, Group Scope 1 = 18,136, Group Scope 2 = 2,396 tCO2e - consolidation of all country operations excluding Cambodia & Bangladesh; ISO 14064-1 assured. Basis not stated market/location (GHG Protocol + DEFRA, operational control) so placed as location-based, inferred. Separate UK-only SECR table p.34 gives Scope 1 = 11,911, Scope 2 = 771 tCO2e (subset, not used).",https://ocs.com/ocs-group-topco-annual-report-account-2024/,companies/OCS GROUP/OCS-Group-Topco-Annual-Report-2024.pdf
OPELLA,https://www.opella.com/,pdf,2025,34465,984,38115,,"Opella Sustainability Report 2025, GRI 305 data table p.63 (visually confirmed). 2025 (latest): Scope 1 = 34,465 (fugitive 474 + stationary combustion 28,531 + mobile combustion 5,460), Scope 2 market-based = 984, Scope 2 location-based = 38,115 tCO2eq (no conversion). Low market-based reflects renewable-electricity procurement. Total emissions: market-based 1,168,990 / location-based 1,206,121. B-Corp; spun off from Sanofi (CD&R majority).",https://www.opella.com/dam/jcr:abb2e7b5-b6dc-4a6c-9c88-71bacdeaaf62/Opella_Sustainability_Report_2025.pdf,companies/OPELLA/Opella-Sustainability-Report-2025.pdf
OPEN TEXT CORP,https://www.opentext.com/,pdf,FY2025,4376,38300,38424,,"FY25 OpenText Way Impact Report, Appendix 'Emissions and energy' table p.34 (visually confirmed; columns FY23/FY24/FY25). FY2025 (fiscal year ended 30 Jun 2025): Scope 1 = 4,376, Scope 2 market-based = 38,300, Scope 2 location-based = 38,424 tonnes CO2e (no conversion). Total Scope 1&2 location 42,800 / market 42,676 (reconciles with Scope1+Scope2). GHG inventory third-party verified. Direct PDF was WAF/bot-blocked to plain curl (HTTP 444); downloaded successfully with full browser headers; link confirmed live on the corporate-citizenship page.",https://www.opentext.com/media/report/fy25-opentext-way-impact-report-en.pdf,companies/OPEN TEXT CORP/OpenText-Way-Impact-Report-FY25.pdf
RV RETAILER,https://www.bluecompassrv.com/,none,,,,,,"Private RV dealership (Blue Compass RV / RV Retailer LLC). Site alive - about-us page live-scraped (32,974 chars). No sustainability/ESG/CSR/investor pages across ~2,998 mapped URLs; only 'emission' references are boilerplate 'emission testing charge' in vehicle-sales disclaimers. No Scope 1/2 disclosure published.",https://www.bluecompassrv.com/about-us,
RYAN SPECIALTY GROUP,https://ryanspecialty.com/,pdf,2025,2307,5200,4716,,"TCFD report (published 31 Jan 2026), Table 3 'Summary of GHG emissions' p.9; visually confirmed. Initial Scope 1 & 2 GHG inventory, operational-control approach. Metric tCO2e: Scope 1 = 2,307; Scope 2 location-based = 4,716; Scope 2 market-based = 5,200. Report says 'In 2025 we undertook an initial inventory'; single unlabeled-year figures - data year taken as 2025 per report text. No Scope 3 (initial inventory).",https://ryanspecialty.com/wp-content/uploads/2026/02/RyanSpecialty_TCFD_01312026_Final.pdf,companies/RYAN SPECIALTY GROUP/Ryan-Specialty-TCFD-Report-2025.pdf
SABRE HOLDINGS,https://www.sabre.com/,pdf,2024,655,3480,3337,,"Sustainability Report 2025 (data through 2024), 'Total emissions by source' infographic p.19; visually confirmed after pdftotext scrambled the year columns. Units CO2e MT = tCO2e. Latest year 2024: Scope 1 = 655; Scope 2 location-based = 3,337; Scope 2 market-based = 3,480. Footnote 3: Scope 1 & 2 collected for six largest offices only (Southlake TX, Montevideo, Krakow, Richmond UK, Bengaluru, Singapore).",https://assets.sabre.com/files/Sabre_Sustainability_Report_2025_updated.pdf,companies/SABRE HOLDINGS/Sabre-Sustainability-Report-2025.pdf
SALT MOBILE,https://www.salt.ch/,none,,,,,,"Swiss telecom (Salt Mobile SA; holding renamed Matterhorn Telecom Holding -> NJJ Continental Holding). No absolute Scope 1/2 figures on company's own site: sustainability page carries only policies (full-page screenshot confirms no figures); environment page covers electromagnetic waves; latest annual report (31.12.2025 NJJ Continental Holding SA, 1,633 pp) full-text grep = 0 GHG terms. Third-party trackers (aggregators, excluded per rules) list Salt FY2024 Scope 1 ~793 / Scope 2 market ~477 / location ~940 tCO2e, implying a primary disclosure exists off-site (e.g., CDP) that could not be located on salt.ch.",https://www.salt.ch/en/sustainability ; https://www.salt.ch/en/about/investors-relations,companies/SALT MOBILE/Salt-sustainability-page.png ; companies/SALT MOBILE/Salt-NJJ-Continental-Annual-Report-2025.pdf
SANDISK,https://www.sandisk.com/,pdf,,,,,,"SanDisk spun off from Western Digital Feb 2025. Corporate-responsibility page announces an 'inaugural' FY2025 Sustainability Report but its PDF link (documents.sandisk.com/.../sandisk-FY2025-sustainability-report.pdf) returns HTTP 404 (retried with browser UA + referer). Only downloadable live-derived report is the co-branded Western Digital/SanDisk FY2024 Sustainability Report; its GHG data (p.30-31, GRI 305-1/305-2, visually confirmed) is Western Digital consolidated (e.g., Scope 2 market-based FY2024 = 521,365.6 tCO2e for the whole of WD), NOT standalone SanDisk. No standalone SanDisk Scope 1/2 breakout available; values left empty.",https://documents.sandisk.com/content/dam/asset-library/en_us/assets/public/sandisk/collateral/company/WesternDigital_Sandisk_FY2024SustainabilityReport.pdf,companies/SANDISK/SanDisk-WesternDigital-Sustainability-Report-FY2024.pdf
SANTE CIE,https://www.sante-cie.com/,none,,,,,,"Input domain www.sante-cie.com does not resolve (DNS failure, retried). Company's live site is santecie.com (Sante Cie, French home-healthcare group, owned by HLD) - confirmed same entity via firecrawl search. Mapped santecie.com (63 URLs) + scraped 'our engagements' page: only press releases, ethics/whistleblower and data-privacy pages; no CSR/RSE report, no absolute Scope 1/2 figures. HLD owner page cites a relative target ('4% carbon-footprint reduction 2020-2021'), not absolute figures.",https://santecie.com/en/the-group/our-engagements/ (input domain www.sante-cie.com is dead),
SAVERS,https://www.savers.com/,pdf,2024,21528,31852,30495,,"Savers Value Village 2025 Impact & Sustainability Report (published Oct 2025; linked from savers.com/thrift-proud/impact via q4cdn), SASB Index 'Emissions and energy data table' p.41; visually confirmed after pdftotext scrambled the year columns. Latest year 2024 (tCO2e): Scope 1 = 21,528; Scope 2 location-based = 30,495; Scope 2 market-based = 31,852. Covers U.S., CA & AU operations.",https://s202.q4cdn.com/614174375/files/doc_governance/2025/10/14/PR0038_SVV_ESG-Report-2025oct_Web.pdf,companies/SAVERS/Savers-Value-Village-ESG-Report-2025.pdf
SCHON KLINIKEN,https://www.schoen-klinik.de/,none,,,,,,"Private German hospital group (Schoen Klinik). Site alive - homepage (110,515 chars) and /ueber-uns hub (114,377 chars) live-scraped. No Nachhaltigkeit/Umwelt/sustainability section in nav; ~2,996 mapped URLs contain no sustainability page; firecrawl search returned only OTHER hospitals' reports. Only company doc mentioning CO2 is a human-rights policy statement (narrative, no figures). No Scope 1/2 disclosure published.",https://www.schoen-klinik.de/ ; https://www.schoen-klinik.de/ueber-uns,
SCIENTIFIC GAMES,https://www.scientificgames.com/,pdf,2024,9320,,13089,,"Scientific Games 2024 Sustainability Report (lottery company; linked from scientificgames.com/responsibility), 'ESG Data' table p.39; visually confirmed (pdftotext had mislabeled waste figures as emissions). 2024 data: Scope 1 = 9,320 tCO2e; Scope 2 = 13,089 tCO2e reported as a single figure with basis NOT stated -> placed in location-based, basis inferred. Footnote: emissions estimated, financial-control methodology per GHG Protocol; covers SG-owned sites only (Alpharetta US, Leeds UK, Montreal, Santiago, Vienna, Budapest, Bielefeld).",https://www.scientificgames.com/media/gcih1xc3/2024-sg-sustainability-report-final1120.pdf,companies/SCIENTIFIC GAMES/Scientific-Games-Sustainability-Report-2024.pdf
SEBIA,https://www.sebia.com/,pdf,,,,,,"Sebia group (French IVD diagnostics, sebia.com). Group 2025 CSR Report & Declaration (cdn.sebia.com) contains NO absolute Scope 1/2 figures - narrative only; states 'a first greenhouse gas (GHG) emissions report on the basis of 2024 activity data is being carried out' (in progress). Absolute figures exist only for the UK subsidiary: Sebia UK Carbon Reduction Report 2025 (cdn.sebia.com, PPN 06/21 format), p.2 table (visually confirmed) - UK-only tonnes CO2: Scope 1 = 53.18, Scope 2 = 7.94 (2025). UK figures are a small country subset, not group-wide, so group value columns left empty.",https://cdn.sebia.com/wp-content/uploads/2025_CORPORATE-SOCIAL-RESPONSIBILITY-REPORT-AND-DECLARATION_page.pdf ; https://cdn.sebia.com/wp-content/uploads/Sebia-UK-Carbon-reduction-report-2025-Lean.pdf,companies/SEBIA/Sebia-Group-CSR-Report-and-Declaration-2025.pdf ; companies/SEBIA/Sebia-UK-Carbon-Reduction-Report-2025.pdf
REALPAGE INC,https://www.realpage.com/,none,,,,,,"Site live (smart-sustainable-solutions page scraped, 59,979 chars; map 2,795 URLs). RealPage's on-site 'sustainability/ESG' content is its multifamily ESG-services PRODUCT sold to property managers, not its own corporate emissions. Search for RealPage's own corporate ESG/Scope 1-2 report returned none. Private (Thoma Bravo); no own Scope 1/2 disclosure published.",https://www.realpage.com/smart-sustainable-solutions,
REFRESCO,https://www.refresco.com/,pdf,,,,,,"Refresco Annual Report 2025 (latest; own subdomain annualreport.refresco.com) collected. AR discusses GHG qualitatively - finalized GHG emissions inventories, submitted SBTi targets (p.9) - but publishes NO absolute Scope 1/2 figures. CSRD reporting postponed to FY2027 (wave-two, EU stop-the-clock omnibus). ESG page + web search found no separate report with absolute figures. No absolute Scope 1/2 disclosed.",https://annualreport.refresco.com/assets/pdf/refresco-annual-report-2025.pdf,companies/REFRESCO/Refresco-Annual-Report-2025.pdf
RESIDEO TECHNOLOGIES INC,https://www.resideo.com/,pdf,2024,18014,40464,39409,,"Resideo Corporate Responsibility (CR) Report 2024, p.35 'Energy and Emissions Footprint' table (2024 column); values confirmed on p.79 CDP/IFRS S2 disclosure. Scope 1 = 18,014; Scope 2 market-based = 40,464; Scope 2 location-based = 39,409 tCO2e (Scope 3 = 766,232; total S1+2 location = 57,423). Both pages visually verified on rendered PNGs. On-site sustainability page shows only reduction targets, so PDF path used. CR Report 2024 is the newest on the live sustainability hub (older ESG reports 2021-2023 also linked).",https://www.resideo.com/us/en/-/media/Resideo/Consumer-Images/Sustainability/Sustainability_V2/Resideo-The-Future-Is-Ours-To-Build-CR-Report.pdf,companies/RESIDEO TECHNOLOGIES INC/Resideo-Corporate-Responsibility-Report.pdf
RESTAURANT BRANDS IBERIA,https://www.rbi.com.es/,pdf,2024,10327,22314,38731,,"Input domain rbi.com.es DEAD (DNS no-resolve). Restaurant Brands Iberia (RBI) rebranded to RB Europe (rbeurope.com) - confirmed via live news item 'rbi-se-convierte-en-rbe'. Full workflow rerun on rbeurope.com: EINF hub scraped live -> latest = Memoria de Sostenibilidad (Informe de Sostenibilidad) 2024 + EINF-Informe-2024. Values from Memoria p.97 'Calculo de nuestra huella de carbono' table (2024 col), VISUALLY verified after pdftotext column-shift: Total Alcance 1 (Scope 1) = 10,326.73; Alcance 2 location-based (ubicacion) = 38,730.72; Alcance 2 market-based (mercado) = 22,314.10; Total 1&2 (market) = 32,640.83 tCO2e. Spanish number format converted (. thousands / , decimal). Perimeter = Grupo RBE Spain & Portugal owned ops, excl. franchised outlets. EINF-2024 PDF is partly scanned (no text layer); Memoria used as clean source.",https://www.rbeurope.com/files/Memoria_Sostenibilidad_RBE_2024.pdf ; https://www.rbeurope.com/files/EINF-Informe-2024.pdf,companies/RESTAURANT BRANDS IBERIA/RBEurope-Memoria-Sostenibilidad-2024.pdf ; companies/RESTAURANT BRANDS IBERIA/RBEurope-EINF-2024.pdf
RESTORATION HARDWARE,https://rh.com/,none,,,,,,"RH investor ESG page (ir.rh.com/corporate-governance/esg) scraped live (53,590 chars). ESG disclosure is entirely qualitative - environmental-stewardship narrative (No-Mow grass, GREENGUARD Gold certification, SFI packaging, real-estate energy efficiency, Habitat for Humanity donations) with NO absolute Scope 1/2 / GHG figures, no sustainability report with data, no net-zero targets. rh.com e-commerce map (2,934 URLs) has no ESG pages. Web search surfaced only the same qualitative ESG page. No Scope 1/2 disclosure published.",https://ir.rh.com/corporate-governance/esg,
ROCKET SOFTWARE,https://www.rocketsoftware.com/,none,,,,,,"Site live (/en-us/company scraped, 50,798 chars; map 1,938 URLs). No ESG/sustainability/corporate-responsibility/carbon section anywhere on site - only product resources + legal pages (incl. modern-slavery, but no environmental report). Site-restricted search (site:rocketsoftware.com carbon/emissions/sustainability/net-zero) returned NO results; general ESG search surfaced only unrelated entities (note: 'Rocket Companies' = separate mortgage lender, NOT Rocket Software). Private (Bain Capital); no Scope 1/2 disclosure published.",https://www.rocketsoftware.com/en-us/company,
RODAN & FIELDS,https://www.rodanandfields.com/,none,,,,,,"Site live (/our-story/our-impact scraped, 14,514 chars) - impact page is philanthropy/sustainability narrative with NO Scope 1/2 figures and no report link. Company DID publish an ESG report (~2023, per Rodan+Fields Facebook/LinkedIn posts), but it is not retrievable on the current site: site-restricted search surfaced only an 'environmental FAQs' PDF which is 403 bot-blocked to curl; no full ESG report PDF found on-site. No accessible absolute Scope 1/2 figures.",https://www.rodanandfields.com/en-us/our-story/our-impact,
RODENSTOCK,https://www.rodenstock.com/,none,,,,,,"Site live (/company 17,158 chars + homepage scraped). rodenstock.com is a lean product/company site (179 mapped URLs) with NO Nachhaltigkeit/sustainability/ESG/CO2 section in nav, footer or content. Site-restricted + general German-language searches (Nachhaltigkeitsbericht, CO2, Emissionen, Scope) returned no Rodenstock report - only other companies. No Scope 1/2 disclosure found on this domain.",https://www.rodenstock.com/company,
ROVENSA,https://www.rovensagroup.com/,pdf,FY2024/25,20157,6211,,,"Input domain rovensagroup.com DEAD (DNS no-resolve); company's live site is rovensa.com (Rovensa Group) - full workflow run there. Latest ESG publication = Sustainability Annual Report FY24/25 (Executive Summary, uploaded 2026-02; full FY24/25 report not yet published). Values from Exec Summary p.3 'ESG Highlights FY2024/25' (visually verified): Scope 1 = 20,157; Scope 2 = 6,211 tCO2e (Scope 3 = 386,679; total 413,047 confirmed p.18). Scope 2 basis = MARKET-based, inferred from Rovensa's convention - FY23/24 full report p.18 headlines 'Scope 1+2 (market-based)' and figures reconcile (S1+S2 = 26,368 combined, p.11). Location-based not disclosed in the exec summary.",https://www.rovensa.com/app/uploads/2026/02/ROVENSA-Executive-Summary-FY24-25.pdf,companies/ROVENSA/Rovensa-Sustainability-Executive-Summary-FY24-25.pdf
RUBIX GROUP,https://rubix.com/,none,,,,,,"Rubix DOES report Scope 1 & 2 (limited-assured by Carbon Calculated, 'third year in a row') per its live sustainability page - FY2024 ESG report + 2024 GHG Verification Opinion (data year 2024). BUT the actual tCO2e figures are locked in DataDome bot-protected PDFs on rubix.com/wp-content: curl = 403 (even with browser UA/referer); Firecrawl PDF fetch returns the DataDome challenge ('Please enable JS and disable any ad blocker'); Wayback Machine has NO snapshot. The sustainability HUB page itself scrapes/screenshots fine but shows NO on-page figures (numbers live only in the blocked PDFs/images). Full-page screenshot of the hub saved as evidence the reports exist.",https://rubix.com/wp-content/uploads/2025/08/FY-2024-Rubix-Limited-ESG-Report_vFinal-21Aug.pdf ; https://rubix.com/wp-content/uploads/2025/08/Rubix-Limited-2024-GHG-Verification-Opinion-2024-03-20-v1.0.pdf ; https://rubix.com/sustainability,companies/RUBIX GROUP/Rubix-sustainability-page.png
SOLERA,https://www.solera.com/,none,,,,,,"Private automotive-software company (Vista Equity). Site live (ESG blog scraped this run). No corporate Scope 1/2 disclosure found: all 'sustainability'/'scope 3' content is product marketing for its 'Sustainable Estimatics' tool (helps customers measure claims-related emissions), not Solera's own footprint. firecrawl map (826 URLs) + scrape of ESG hub + search for a corporate ESG/sustainability report returned no absolute figures.",https://www.solera.com/blog/topics/environment-social-and-governance-esg,
SOLINA,https://www.solina.com/,pdf,2025,16008,3075,,,"Solina Sustainability Progress Report 2025, CSRD ESRS E1 quantitative-KPI table p.76 (visually confirmed against rendered page): Scope 1 = 16,008 tCO2e; Scope 2 market-based = 3,075 tCO2e (2025 column). Only market-based Scope 2 published (no location-based). Report link taken from live /our-sustainability-vision page.",https://www.solina.com/app/uploads/2026/06/Solina_Sustainability-Report_2025.pdf (linked from https://www.solina.com/our-sustainability-vision),companies/SOLINA/Solina-Sustainability-Report-2025.pdf
SOPHOS,https://www.sophos.com/,pdf,,,,,,"Sophos (private, Thoma Bravo). ESG Data Points compliance card (linked from live /trust/esg page; hosted on assets.sophos.com CDN) discloses only yes/no ESG indicators - 'GHG Emissions Tracking: Yes', 'Environmental Initiatives to Reduce Carbon Footprint: Yes' - with NO absolute Scope 1/2 tonnage anywhere (visually confirmed pp.1-4). Search for Sophos emissions figures returned none. Company tracks GHG internally but publishes no absolute figures.",https://www.sophos.com/en-us/trust/esg ; https://assets.sophos.com/X24WTUEQ/at/qvwwcvbssb9pvj6fq5sm72x/sophos-esg-data-points-compliance-card.pdf,companies/SOPHOS/Sophos-ESG-Data-Points-Compliance-Card.pdf
SOUTHERN VET PARTNERS,https://www.southernvetpartnersllc.com/,none,,,,,,"Input domain southernvetpartnersllc.com serves/rebrands to 'Mission Pet Health' (missionpethealth.com), a US veterinary-practice group. Site live (homepage live-scraped, 27KB). Successor domain mapped (168 URLs); zero ESG/sustainability/emissions pages (broad keyword filter, 0 matches). No Scope 1/2 disclosure.",https://www.southernvetpartnersllc.com/ (rebrands to https://missionpethealth.com/),
SPECTRIS,https://www.spectris.com/,pdf,2024,4326.6,6568,16497.7,,"Spectris plc Annual Report 2024, GHG-emissions table report p.75 (PDF p.77), visually confirmed. Figures on the '2024 (incl. acquisitions)' basis (the headline absolute basis matching the Environmental Performance Summary): Scope 1 = 4,326.6; Scope 2 location-based = 16,497.7; Scope 2 market-based = 6,568.0 tCO2e. Deloitte limited assurance (*). Like-for-like (excl. acquisitions) basis also published (S1 4,069.8 / S2 loc 14,757.1 / S2 mkt 4,827.3). Report link from live /archive/results-reports-and-presentations; latest annual report (Spectris taken private by KKR 2025, no newer AR).",https://www.spectris.com/assets/SPECTRIS_AR24_FINAL_Interactive.pdf (linked from https://www.spectris.com/archive/results-reports-and-presentations),companies/SPECTRIS/Spectris-Annual-Report-2024.pdf
SRAM LLC,https://www.sram.com/,pdf,2022,,,,20000,"SRAM 'Our Responsibilities Report 2023' (published Oct 2023; SRAM's first such report), p.34. Reports COMBINED Scope 1 & 2 only, shown as a CHART (MT CO2e = tCO2e) with no exact printed figure; the 2022 endpoint (latest actual) reads approximately 20,000 tCO2e off the chart. No Scope 1/Scope 2 split published. Report hosted on sram.com (own domain), found via search; confirmed latest/only edition (no newer report surfaced). Combined value is a chart estimate (approximate).",https://www.sram.com/globalassets/document-hierarchy/sram_sor_report_v26-lr.pdf,companies/SRAM LLC/SRAM-Our-Responsibilities-Report.pdf
SS&C TECHNOLOGIES,https://www.ssctech.com/,pdf,,,,,,"SS&C Technologies (NASDAQ: SSNC). 2025 Corporate Responsibility report, 'Energy, GHG and Climate' section report p.28 (visually confirmed): 'we don't currently have a global program to track our emissions.' No group-level absolute Scope 1/2 figures published. Only its UK subsidiary SS&C GIDS UK & Ireland reports Scope 1/2/3 via a separate SECR-compliance 'GIDS UK ESG Statement' (Business Carbon Assessment on 2022 data, audited 2024) - not the group. Report link from live /about/corporate-responsibility page (ssctech.com).",https://www.ssctech.com/hubfs/website/pdf/2025/ssnc-corporate-responsibility-2025.pdf (linked from https://www.ssctech.com/about/corporate-responsibility),companies/SS&C TECHNOLOGIES/SSC-Corporate-Responsibility-Report-2025.pdf
STARS GROUP,https://www.flutter.com/,pdf,2025,,,,,"The Stars Group is a division of parent Flutter Entertainment plc (batch input domain is flutter.com). Flutter Climate Report 2025 collected as evidence (link from live investor sustainability-reporting hub). Full-text search for 'Stars'/'PokerStars' (2 hits, both narrative, each inspected) found NO Stars-specific emissions breakout - Flutter reports group-level only. Flutter GROUP 2025 GHG (report p.29, limited-assured): Scope 1 = 5,107; Scope 2 location-based = 22,604; Scope 2 market-based = 0 tCO2e. Value cells left EMPTY per parent-reporting rule (no subsidiary breakout).",https://flutter.com/media/0mqn25mr/climate-report-2025.pdf (linked from https://flutter.com/investors/investor-hub/sustainability-reporting),companies/STARS GROUP/Flutter-Climate-Report-2025.pdf
STELLAGROUP,https://www.stellagroup.fr/,pdf,2025,6488,1843,,,"Input domain stellagroup.fr does NOT resolve (DNS failure); official site is stella.group (found via search, mapped, hub scraped live). StellaGroup Sustainability Report 2025 (EN; uploaded 2026/07, latest), Key Indicators table p.29 (row labels on p.28), visually confirmed: Scope 1 = 6,488; Scope 2 market-based = 1,843 tCO2e (2025). GHG Protocol market-based; no location-based published. Combined S1+2 = 8,331 also shown (split published, so split recorded).",https://www.stella.group/app/uploads/2026/07/StellaGroup-Report-2025_BD-EN.pdf (linked from https://www.stella.group/en/2025-sustainability-report),companies/STELLAGROUP/StellaGroup-Sustainability-Report-2025-EN.pdf
STEPSTONE GROUP,https://www.stepstonegroup.com/,none,,,,,,"StepStone Group (NASDAQ: STEP). Measures & offsets Scope 1/2/3 GHG to carbon-neutral for CY2025 with independent limited assurance on Scope 1 & 2 (California AB 1305 Voluntary Carbon Market Disclosure, pub. 06 May 2026; retrieved live via Firecrawl) - but that disclosure states NO absolute tonnage. Absolute Scope 1/2 figures reside in the interactive 2025 Responsible Investment Report, which is GATED behind a country/role selector (only the gate is scrapeable). CA disclosure PDF is Incapsula bot-blocked to direct download; retried with full browser headers, still blocked. No clean original deliverable or absolute figures obtainable.",https://www.stepstonegroup.com/wp-content/uploads/2025/06/CA-Voluntary-Carbon-Market-Disclosures-2026.pdf ; https://www.stepstonegroup.com/news-insights/2025-responsible-investment-report/ ; https://www.stepstonegroup.com/who-we-are/corporate-citizenship/,
UNITED NATURAL FOODS INC,https://www.unfi.com/,pdf,FY2024,334148,120373,204138,,"UNFI Fiscal Year 2025 Impact Report; GHG data runs one fiscal year behind report boundary, so latest emissions column is FY2024. Key Metrics table PDF p.45 (printed pp.88-89), units metric tons CO2e. FY2024: Scope 1=334,148; Scope 2 market-based=120,373; Scope 2 location-based=204,138. IMPORTANT: pdftotext -layout silently shifted this table's rows (put Scope 1's 334,148 onto the market-based line) - corrected by visually reading the rendered page. Values visually confirmed on rendered p.45. GRI Section supplement also downloaded (points to same Key Metrics). Report URLs live-derived from scrape of ir.unfi.com/ESG/reporting (q4cdn IR CDN); 2025 is the latest edition.",https://s205.q4cdn.com/522321978/files/doc_financials/2025/sr/2025_UNFI_Impact_Report.pdf ; https://s205.q4cdn.com/522321978/files/doc_financials/2025/Supplemental/GRI-Section.pdf,companies/UNITED NATURAL FOODS INC/UNFI-Impact-Report-2025.pdf ; companies/UNITED NATURAL FOODS INC/UNFI-Impact-Report-GRI-Section-2025.pdf
UNITED PET FOODS,https://www.unitedpetfood.eu/,pdf,2025,79052,42395,28106,,"United Petfood Sustainability Report 2025 (Duurzaamheidsrapport 2025). ESRS E1-8 'Gross Scopes 1,2,3 and Total GHG Emissions' table, PDF p.33 (printed pp.64-65), units t CO2-eq. Latest column VALUE 2025: Scope 1=79,052; Scope 2 location-based=28,106; Scope 2 market-based=42,395. Note market-based (42,395) is higher than location-based (28,106) as reported by the company. Values visually confirmed on rendered page; cross-checked against the 'GHG emissions over time' chart (2025 market-based total 1,065,777). Report URL live-derived from scrape of unitedpetfood.eu/en/sustainability.",https://www.unitedpetfood.eu/uploads/files/UnitedPetfood_Duurzaamheidsrapport2025.pdf,companies/UNITED PET FOODS/UnitedPetfood-Sustainability-Report-2025.pdf
UNITED TALENT AGENCY,https://www.unitedtalent.com/,none,,,,,,"Private talent agency. Site alive (curl 200; Netlify). Map returned 103 URLs, zero sustainability/ESG/environment/report/PDF hits. firecrawl search for a United Talent Agency sustainability/ESG/GHG report surfaced only unrelated music-industry climate items and other companies - no UTA corporate emissions disclosure. No absolute Scope 1/2 figures published.",https://www.unitedtalent.com/,
UNIVISION COMMUNICATIONS INC.,https://corporate.televisaunivision.com/,none,,,,,,"Univision Communications Inc. now operates under TelevisaUnivision (input domain already resolves to corporate.televisaunivision.com). Corporate site alive (CSR page scraped, status 200). CSR page (/our-company/csr) is qualitative only - no absolute Scope 1/2 figures. Exhaustive map (2,993 URLs) surfaced only press/blog 'impact' articles and CSR pages, no ESG/sustainability report PDF. firecrawl search found no TelevisaUnivision GHG report; the only sustainability report surfaced belongs to Grupo Televisa (televisair.com), a related but distinct entity / minority stakeholder whose report does not cover TelevisaUnivision's US operations (aggregator ditchcarbon estimate excluded). Doubtful no-disclosure for a large media company - flagged for human review.",https://corporate.televisaunivision.com/our-company/csr,
URBASER,https://www.urbaser.com/,screenshot,2025,367797,1184,,,"On-page figures at urbaser.com/huella-de-carbono-de-urbaser ('Huella de Carbono de Urbaser en Espana', Ejercicio 2025, tCO2e). Alcance 1 (Scope 1)=367.797=367,797 (Spanish dot = thousands separator); Alcance 2 (metodo de mercado / market-based)=1.184=1,184; Total Alcances 1+2=368,981 (split recorded, not combined). Only market-based Scope 2 published (no location-based). PERIMETER CAVEAT: this is the Spain-only carbon footprint published under Spanish Real Decreto 214/2025 (URBASER S.A. + Spanish dependent companies), not the global group total. Full-page screenshot visually confirms the figures.",https://www.urbaser.com/huella-de-carbono-de-urbaser,companies/URBASER/URBASER-scope-1-2-emissions-page.png
US ANESTHESIA PARTNERS,https://www.usap.com/,none,,,,,,"Private anesthesiology physician-services group. Site alive (curl 200). Map returned 375 URLs, only 2 news-article hits, no sustainability/ESG/report pages. firecrawl search surfaced only social-media posts and news about USAP's clinicians reducing anesthesia's environmental impact (desflurane) - no USAP sustainability/ESG report and no GHG emissions disclosure. No absolute Scope 1/2 figures published.",https://www.usap.com/,
US FERTILITY ENTERPRISES,https://www.usfertility.com/,none,,,,,,"Private fertility-clinic network. Site alive (curl 200). Map returned 556 URLs; the 30 keyword hits are all clinical research-library / newsroom articles ('impact' = clinical impact), none about corporate emissions. firecrawl search surfaced only unrelated demographic-fertility-rate articles and other companies' reports - no US Fertility sustainability/ESG report. No absolute Scope 1/2 figures published.",https://www.usfertility.com/,
UTZ QUALITY FOODS,https://www.utzsnacks.com/,pdf,2024,65650,,15789,,"Utz Brands 2024 ESG Report ('Growing Responsibly'). Climate Impact section, 'Scope 1 and 2 Carbon Emissions (Metric Tons CO2e)' table, PDF p.27 (printed p.26). Latest column 2024: Scope 1=65,650.1; Scope 2 (location-based)=15,789.3; Scope 1+2=81,439.3. Company reports Scope 2 on a LOCATION-BASED basis only (no market-based figure). Values recorded to whole tonne (65,650.1 and 15,789.3). Values visually confirmed on rendered p.27. Report URL live-derived from investors.utzsnacks.com/sustainability/Documents (q4cdn IR CDN); confirmed latest available (2024 ESG Report published 2025; live docs page lists no newer). Utz Quality Foods is the core operating business of Utz Brands Inc - group ESG report.",https://s203.q4cdn.com/214926893/files/doc_downloads/2025/Utz_ESG-Report_2024.pdf,companies/UTZ QUALITY FOODS/Utz-Brands-ESG-Report-2024.pdf
UVEX,https://www.uvex-group.com/,pdf,FY2023/24,7752,1138,,,"uvex group Sustainability Report 2023/24 (English, corrected Sept 2025). 'Key Environmental Indicators' consolidated 'uvex group' table, PDF p.38 (printed pp.74-75), latest column 2023/24; figures published in kg CO2, converted to tCO2e (/1000). Scope 1 = Scope 1.1 excl. fuel (6,009,163 kg) + Scope 1.2 fuel (1,742,451 kg) = 7,751,614 kg = 7,752 tCO2e (gross, before green-gas offset). Scope 2 = 1,137,745 kg = 1,138 tCO2e. Scope 2 basis not explicitly labeled market/location, but the figure incorporates the 87.5% green-electricity share (0.05 kg/kWh, far below grid) -> treated as MARKET-BASED (inferred). Group total cross-checks: Scope 1.2 and Scope 2 sum exactly across the four subgroups. Values visually confirmed on rendered p.38. Report URL live-derived from uvex-group.com/en/sustainability; archive page confirms latest available (no newer edition).",https://dmljcqgldxj6h.cloudfront.net/fileadmin/uvex-group/02_Nachhaltigkeit/Downloads/PDF_23_24/Korrektur_9_2025/uvex_group_Sustainability_Report_2023_24_en.pdf?1757487791,companies/UVEX/uvex-Sustainability-Report-2023-24.pdf
VALEO FOODS,https://www.valeofoods.com/,pdf,FY2026,55097,5697,21568,,"Valeo Foods 2026 Sustainability Report, 'Sustainability Datasheet' appendix, PDF p.28 (printed p.55), units tons CO2, columns FY22-FY26. Latest FY26: Scope 1=55,097; Scope 2 market-based=5,697; Scope 2 location-based=21,568; Total Scope 1&2=60,794. Values visually confirmed on rendered p.28. Report on the corporate site valeofoodsgroup.com (the given valeofoods.com landing links to it - same entity, Valeo Foods Group); report URL live-derived from scrape of valeofoodsgroup.com/sustainability/Our-Sustainability-Approach-and-Progress.",https://www.valeofoodsgroup.com/sustainability/our-sustainability-highlights/valeo-foods-2026-sustainability-report.pdf,companies/VALEO FOODS/ValeoFoods-Sustainability-Report-2026.pdf
STUBHUB,https://www.stubhub.com/,none,,,,,,"No sustainability/ESG reporting found. firecrawl map returned 3,000 URLs with 0 hits on ESG/sustainability/climate/emission/carbon/report filter; homepage live at collection (HTTP 200); no ESG section on site. Third-party (DitchCarbon) corroborates StubHub Holdings does not report carbon-emissions data. Ticket-resale marketplace, IPO'd Sept 2025.",https://www.stubhub.com/,
SURGERY PARTNERS,https://www.surgerypartners.com/,none,,,,,,"No company ESG/sustainability report or Scope 1/2 disclosure. Homepage and investor site (ir.surgerypartners.com) live-scraped this run (site alive) - IR exposes only corporate-governance and financial annual-reports sections, no environmental/ESG content; site: and broad firecrawl searches surfaced no company report. Surgery Partners appears in Bain Capital's investor ESG report as a portfolio company, but with no Surgery-Partners-specific Scope 1/2 figures broken out. Public co (NASDAQ: SGRY).",https://www.surgerypartners.com/ ; https://ir.surgerypartners.com/,
SUSE,https://www.suse.com/,screenshot,2025,472,1107,1821,,"On-page GHG table ('SUSE's Environmental Data'), calendar year 2025 (latest column): Scope 1 (direct) 472 tCO2e, Scope 2 location-based 1,821 tCO2e, Scope 2 market-based 1,107 tCO2e. Table also lists 2020-2024. Values visually confirmed in full-page screenshot.",https://www.suse.com/sustainability/environment/emissions/,companies/SUSE/SUSE-scope-1-2-emissions-page.png
SWISSPORT,https://www.swissport.com/,none,,,,,,"No absolute Scope 1/2 figures published in accessible form. Live sustainability pages (climate-change, environmental-management, our-commitment-to-sustainability) and the 2025 Company Report (maglr flipbook, live-scraped in full) present only reduction targets (42% Scope 1+2 cut by 2032; net-zero 2050) and narrative - full-text scrape found no tCO2e figures. Company states it reports all three scopes since 2022 (SBTi-validated Mar 2025; EcoVadis Platinum), but no public data table/report with tonnes exists on the site.",https://www.swissport.com/en/sustainability/planet/climate-change ; https://www.swissport.com/en/media/files/company-publications/2025-company-report,
SYNEOS,https://www.syneoshealth.com/,pdf,2025,16603,3027,4255,,"LRQA CY2025 GHG Verification Statement (limited assurance, dated June 2026), Table 1 p.2: Scope 1 (Direct) 16,603 tCO2e, Scope 2 location-based 4,255, Scope 2 market-based 3,027 (Metric Tons CO2e = tCO2e); visually confirmed on rendered page. Latest assured data (CY2025). 2024 Impact Report (p.47, CY2024 data) also collected as the sustainability report. Syneos is a Bain Capital portfolio co. but publishes its own reports (own-company source).",https://storage.pardot.com/63102/1783377683G56ro39e/Syneos_Health_CY25_GHG_Verification_FINAL_v1_04_June_2026.pdf ; https://storage.pardot.com/63102/1757000820DjA3B0Sg/Syneos_Health_2024_Impact_Report_Final.pdf (both linked from https://www.syneoshealth.com/who-we-are/environmental-social-and-governance-esg),companies/SYNEOS/Syneos-Health-CY2025-GHG-Verification.pdf ; companies/SYNEOS/Syneos-Health-Impact-Report-2024.pdf
SYNLAB,https://www.synlab.com/,pdf,2025,18934,11065,27954,,"ESG Report 2025, GHG Emissions table, document p.13 (PDF p.15), data year 2025: Gross Scope 1 18,934 tCO2e (boundary expanded in 2025 to include F-gas fugitive emissions), Scope 2 location-based 27,954, Scope 2 market-based 11,065 (Tonnes CO2e = tCO2e). Visually confirmed on rendered page. ESG Data Book 2024 also collected.",https://www.synlab.com/fileadmin/ESG_Reports/ESG_Report_2025.pdf ; https://www.synlab.com/fileadmin/ESG_Reports/SYNLAB_GROUP_ESG_DATA_BOOK_2024_FIN.pdf (both linked from https://www.synlab.com/esg),companies/SYNLAB/SYNLAB-ESG-Report-2025.pdf ; companies/SYNLAB/SYNLAB-ESG-Data-Book-2024.pdf
SYNTEGON,https://www.syntegon.com/,pdf,2024,4735,,7797,,"Sustainability Report 2024, 'Development of emissions' bar chart p.41 (values read off chart, unit t CO2e): Scope 1 2024 = 4,735, Scope 2 2024 = 7,797. Single Scope 2 figure - no market/location split published; basis inferred location-based (Scope 2 calculated using regional grid emission factors, p.42). Data excludes Syntegon Telstar S.L.U. Confirmed latest available (hub links 2024 as newest; no 2025 sustainability report published - only a financial 'record year 2025' press release).",https://www.syntegon.com/hubfs/02_downloads/Syntegon_Sustainability_Report_2024_EN.pdf (linked from https://www.syntegon.com/about-us/company-profile/sustainability-report),companies/SYNTEGON/Syntegon-Sustainability-Report-2024-EN.pdf
T MOBILE,https://www.t-mobile.com/,pdf,2025,94243,0,2618452,,"2025 Corporate Responsibility Data Tables, Environmental table p.3, data year 2025 (MT CO2e = tCO2e): Scope 1 94,243; Scope 2 market-based 0 (zeroed via renewable/REC procurement); Scope 2 location-based 2,618,452. Visually confirmed on rendered page (layout-text was column-shifted). Prior years recast for 2025 acquisitions (UScellular wireless, Ka'ena, Vistar Media, Blis; Lumos/Metronet JVs). Full CR Report also collected.",https://www.t-mobile.com/content/dam/digx/tmobile/us/en/pdf/t-mobile-2025-corporate-responsibility-data-tables.pdf ; https://www.t-mobile.com/content/dam/digx/tmobile/us/en/pdf/T-Mobile_2025_Corporate_Responsibility_Report.pdf (both linked from https://www.t-mobile.com/responsibility/reporting),companies/T MOBILE/T-Mobile-2025-Corporate-Responsibility-Data-Tables.pdf ; companies/T MOBILE/T-Mobile-2025-Corporate-Responsibility-Report.pdf
TALLGRASS ENERGY,https://www.tallgrass.com/,none,,,,,,"Live Corporate Responsibility pages (tallgrass.com/CR, /CR/CR-Overview, live-scraped) present only 2026 CR goals/targets (safety LTIR, habitat gain, training, cybersecurity) - no absolute Scope 1/2 GHG figures and no downloadable sustainability/CR report with emissions data. Homepage + CR overview live-scraped (site alive). firecrawl search found no emissions report on tallgrass.com (only a banned aggregator). Private (Blackstone-owned).",https://tallgrass.com/CR/CR-Overview,
TAMKO BUILDING PRODUCTS,https://www.tamko.com/,none,,,,,,"No sustainability/ESG reporting or Scope 1/2 disclosure. firecrawl map returned 347 URLs (all product data sheets, certifications, application instructions) with no sustainability/ESG page; homepage live at collection (HTTP 200); firecrawl search found no TAMKO ESG report (only generic building-materials climate articles and competitors). Privately held roofing/shingle manufacturer.",https://www.tamko.com/,
TARKETT,https://www.tarkett-group.com/,pdf,2025,83942,51931,139265,,"Tarkett 2025 Sustainability Statement, ESRS E1 'Total GHG emissions' table p.47 (year ended 31 Dec 2025); visually confirmed on rendered page. Gross Scope 1 83,942; gross market-based Scope 2 51,931; gross location-based Scope 2 139,265 tCO2e. Combined Scope 1 + market-based Scope 2 = 135,872 (split recorded, not combined).",https://www.tarkett-group.com/app/uploads/2026/03/31230206/tarkett-2025-sustainability-statement-en-.pdf,companies/TARKETT/Tarkett-2025-Sustainability-Statement-EN.pdf
TEAM.BLUE,https://team.blue/,pdf,2024,348,1608,,,"team.blue Impact Report 2024-25, group-level carbon emissions (team.blue ecosystem), p.15; values read off bar chart (latest year 2024, baseline 2022): Scope 1 348 tCO2e, Scope 2 market-based 1,608 tCO2e. Only market-based Scope 2 published (no location-based). Report link live-derived from team.blue/story-values page; hosted on team.blue CDN i.tb-content.net.",https://i.tb-content.net/cms/f63401/team.blue_impact_report_25_new.pdf,companies/TEAM.BLUE/team.blue-Impact-Report-2024-25.pdf
TECHEM,https://www.techem.com/,pdf,FY2025,137896,1506,5920,,"Techem Sustainability Report 2025 (fiscal year ended 30 Sep 2025), GRI 305-4 table p.55, 'Techem in total' FY2025 column; visually confirmed. Scope 1 137,896; Scope 2 market-based 1,506; Scope 2 location-based 5,920 tCO2e.",https://www.techem.com/content/dam/techem/downloads/corporate/nachhaltigkeit/nachhaltigkeitsberichte/nhb2025/Techem_Nachhaltigkeitsbericht_2025_EN.pdf.coredownload.pdf,companies/TECHEM/Techem-Sustainability-Report-2025-EN.pdf
TELENET,https://www.telenet.be/,pdf,2025,4649,117,27317,,"Telenet Sustainability Report 2025 (Telenet Group Holding NV/SA, year ended 31 Dec 2025), environmental performance table report p.94; visually confirmed. Figures 'incl. fiber roll-out' full inventory, KPMG limited-assurance (assured items listed report p.104-106): Scope 1 4,649; Scope 2 market-based 117; Scope 2 location-based 27,317 metric tons CO2e. Telenet publishes its own assured figures (majority-owned by Liberty Global but reports independently).",https://www2.telenet.be/content/dam/www-telenet-corp/duurzaamheidsdocumenten-2026/sustainability-report-2025/Telenet_Sustainability_Report_2025.pdf,companies/TELENET/Telenet-Sustainability-Report-2025.pdf
TENET HEALTH,https://www.tenethealth.com/,pdf,,,,,,"Tenet 2024 ESG Progress Report (covers 2023-2024) explicitly states 'We do not currently disclose our greenhouse gas emissions' (printed p.19 / PDF p.18) and only 'Exploring Scope 1 and 2 emissions baseline reporting' (p.4). Full-text grep of all 20 pages, hit inspected - no absolute Scope 1/2 figures anywhere. Latest ESG report published (confirming search found no 2025 edition); ESG section since removed from live investor site (esg/ landing 404s, governance/events pages link no ESG report), so report retrieved from Tenet's own Q4 CDN (674051945).",https://s23.q4cdn.com/674051945/files/doc_financials/2024/q1/2023-2024-Tenet-ESG-Report-030525.pdf,companies/TENET HEALTH/Tenet-ESG-Progress-Report-2024.pdf
THOR INDUSTRIES,https://www.thorindustries.com/,pdf,FY2025,49229,37054,,,"THOR Fiscal Year 2025 Sustainability Report (FY ended 31 Jul 2025), 'GLOBAL GHG EMISSIONS IN MTCO2e' table report p.44-45; visually confirmed. FY2025 Scope 1 49,229; gross market-based Scope 2 37,054 MTCO2e (=tCO2e). Only market-based Scope 2 reported (SBTi targets set on market-based); no location-based figure. CDP-disclosed. Report link live-derived from thorindustries.com/sustainability-report; hosted on THOR CDN (zaneray.com).",https://thorindustries-prod.zaneray.com/cms/media/aXo7kgIvOtkhCCvG_THOR_Sustainability_2025_Final_REV_iPDF.1.27.2025.pdf,companies/THOR INDUSTRIES/THOR-Sustainability-Report-2025.pdf
THYSSENKRUPP,https://www.thyssenkrupp.com/,pdf,FY2024/2025,19800000,1200000,1100000,,"thyssenkrupp Annual Report 2024/2025 (combined management report, Sustainability report), 'GROSS SCOPES 1,2,3 AND TOTAL GHG EMISSIONS' table p.123, reporting year 2024/2025 (FY ended 30 Sep 2025); visually confirmed. Reported in Mt CO2e, converted to tCO2e: Scope 1 19.8 Mt = 19,800,000; Scope 2 market-based 1.2 Mt = 1,200,000; Scope 2 location-based 1.1 Mt = 1,100,000. Subtotal Scope 1 + market Scope 2 = 21.0 Mt. Coarse Mt-rounded source (Medium confidence).",https://www.thyssenkrupp.com/_binary/UCPthyssenkruppAG/f45393e4-83ee-4bef-aa50-4b743d2db1e4/Annual_report_2024_2025_of_thyssenkrupp_AG_WEB.pdf,companies/THYSSENKRUPP/Thyssenkrupp-Annual-Report-2024-2025.pdf
TKO,https://tkogrp.com/,pdf,,,,,,"TKO Group Holdings Annual Report 2025 (Form 10-K wrapper) contains no Scope 1/2 GHG data - find-ghg verdict NONE across all 167 pages (no scope/emissions keywords). No separate sustainability/ESG report exists: neither the main site (tkogrp.com) nor investor site map has any sustainability/ESG/responsibility page, and firecrawl search found no TKO ESG report. Company (UFC/WWE) does not disclose Scope 1/2 emissions.",https://s202.q4cdn.com/437702206/files/doc_financials/2025/ar/TKO-2025-Annual-Report.pdf,companies/TKO/TKO-Annual-Report-2025.pdf
TMF GROUP,https://www.tmf-group.com/,pdf,,,,,,"TMF Group Annual Report 2025, Sustainability section p.45 is narrative only - no absolute Scope 1/2 figures (find-ghg KEYWORDS_ONLY, single scope mention on p.45). States a global carbon-accounting platform is being implemented and that emissions insights 'will be presented in our 2025 ESG Sustainability Report' (forthcoming). TMF's prior standalone ESG Report 2023 also had no absolute figures (inventory/tracking system still being built). No absolute Scope 1/2 published to date.",https://annualreport.tmf-group.com/external/asset/download/project/f905ec0a-03f0-0000-b759-6ed5a898c2f0/name/TMF_Group_Annual_Report_2025_v22013.pdf,companies/TMF GROUP/TMF-Group-Annual-Report-2025.pdf
TMS INTERNATIONAL,https://www.tmsinternational.com/,none,,,,,,"No ESG/sustainability report and no Scope 1/2 disclosure found. TMS International is privately held (steel-mill services). Exhaustive check (site proven alive via live scrape this run): live-scraped 'Environmental Leadership' page is qualitative only (no figures); 100-URL site map contains only marketing brochures, datasheets, news and terms PDFs - no sustainability/ESG/annual report; firecrawl search surfaced only TMS marketing pages and unrelated companies. No absolute figures published.",https://www.tmsinternational.com/About/Environment,
VDK GROEP,https://www.vdkgroep.com/,pdf,2024,12552,0,,,"VDK Groep (Dutch installation-technology group); Jaarbericht 2024 p.40, table 'Resultaten 24' (2024 ton CO2e). Scope 1 = 12,552 tCO2e (Gas 806 + vehicle fleet/Wagenpark 11,746). Scope 2 = 0 tCO2e (electricity; 100% certified green electricity from NL wind/solar since 2023 -> market-based basis; location-based not separately disclosed). Subtotaal Scope 1+2 = 12,552, corroborated by chart (2024 realized = 12,552.0115). Values visually confirmed on rendered page. Dutch-language report.",https://vdkgroep.com/uploads/media/file/df22ff58-50fd-4adf-b5da-ed24ce22e151/vdk-jaarbericht-2024-1-nl-1-.pdf,companies/VDK GROEP/VDK-Groep-Jaarbericht-2024.pdf
VEONET,https://www.veonet-group.com/,screenshot,,,,,,"Intensity-only reporter: sustainability page states an average Scope 1+2 emissions intensity of 6.2 tCO2e per million euros of revenue; no absolute Scope 1/2 figures published and no downloadable report (esg-governance page also carries no figures). Input domain veonet-group.com 301-redirects to veonet.com (VeoNet GmbH, ophthalmology group). Full-page screenshot of sustainability page collected (environmental section collapsed on static render; the 6.2 tCO2e/EUR-m intensity is captured in the cache scrape markdown of the same URL).",https://www.veonet.com/sustainability,companies/VEONET/VEONET-scope-1-2-emissions-page.png
VERISURE,https://www.verisure.com/,pdf,2025,51464,1659,3464,,"Verisure plc Annual Report 2025, ESRS E1-6 data-points table (report p.258 / PDF p.260), 2025 column (of 2024/2025): Scope 1 = 51,464 tCO2eq; Scope 2 location-based = 3,464 tCO2eq; Scope 2 market-based = 1,659 tCO2eq. Values visually confirmed on rendered page. Also collected the older standalone Sustainability Report 2024; latest data taken from the AR2025.",https://www.verisure.com/system/files/private_pdf/2026-03/verisure-plc-annual-report-2025.pdf ; https://www.verisure.com/sites/gv/files/2026-03/verisure-sustainability-report-2024.pdf,companies/VERISURE/Verisure-Annual-Report-2025.pdf ; companies/VERISURE/Verisure-Sustainability-Report-2024.pdf
VERSCEND,https://www.cotiviti.com/,none,,,,,,"Input 'Verscend' rebranded to Cotiviti (Verscend Technologies took the Cotiviti name in 2018 after acquiring Cotiviti); cotiviti.com is the successor domain, mapped this run (99 URLs) and live (200). No sustainability/ESG report exists: the only ESG-adjacent page is 'Cotiviti Cares' (/about/csr), a philanthropy page with no GHG/Scope data; no report links in map or homepage scrape; site search surfaced no company Scope 1/2 disclosure (only a third-party ditchcarbon estimate, excluded). Private company (Veritas Capital-owned). No Scope 1/2 disclosure found.",https://www.cotiviti.com/about/csr,
VERTEX AEROSPACE,https://gov2x.com/,pdf,,,,,,"Input 'Vertex Aerospace' = V2X, Inc. (Vertex Aerospace merged with Vectrus in 2022 to form V2X); gov2x.com is the successor domain, mapped this run. V2X Inc 2025 Annual Report (Form 10-K wrapper) collected from the live IR page but contains NO GHG/Scope 1/2 data (find-ghg verdict NONE across 90 pages). No sustainability/ESG report published; the EHS policy page carries no emissions figures ('annual EHS report to be made available later this year', not yet out). No Scope 1/2 disclosure.",https://s202.q4cdn.com/296309594/files/doc_financials/2025/ar/V2X-Inc-2025-Annual-Report.pdf,companies/VERTEX AEROSPACE/V2X-Annual-Report-2025.pdf
VFS GLOBAL,https://www.vfsglobal.com/,pdf,2025,3988,4331,,,"VFS Global Sustainability Report 2025, 'Sustainability Data Summary' table p.108, 2025 column: Scope 1 (Direct) = 3,988 tCO2e; Scope 2 (Indirect, market-based incl. EACs) = 4,331 tCO2e. Only market-based Scope 2 is published (report text confirms 'market-based Scope 2'); no location-based figure. Values visually confirmed on rendered page (p.96 corroborates Scope 1 = 3,988 for 2025).",https://www.vfsglobal.com/en/PDF/Sustainability/vfs-global-sustainability-report-2025.pdf,companies/VFS GLOBAL/VFS-Global-Sustainability-Report-2025.pdf
VICTORY CAPITAL,https://www.vcm.com/,pdf,,,,,,"Victory Capital 2024 Responsible Business Report (latest edition - reports hub lists 2020-2024, live-confirmed). Company explicitly states it does NOT currently report Scope 1/2 emissions on a firm-wide basis (p.36: 'we do not currently report these metrics on a firm-wide basis') and commits to 'Measure and report Scope 1 and 2 emissions starting in 2026' (p.24, p.36). No absolute Scope 1/2 figures published.",https://www.vcm.com/assets/corporate-responsibility/2024-VCM-Responsible-Business-Report.pdf,companies/VICTORY CAPITAL/Victory-Capital-Responsible-Business-Report-2024.pdf
VIRGIN MEDIA IRELAND,https://www.virginmedia.ie/,pdf,2025,1092,,6647,,"VMI reports under parent Liberty Global. Liberty Global 'People Planet Progress Report 2025' (latest edition - confirmed via the live sustainability hub, canonical PDF at /wp-content/uploads/2026/06/2025-People-Planet-Progress-Report-v4.pdf; NOT the stale 2024). Subsidiary breakout in the Sustainability-Linked Loans appendix, p.35: 'In 2025, Virgin Media Ireland decreased Scope 1 emissions to 1,092* metric tonnes CO2e and Scope 2 location-based to 6,647* metric tonnes CO2e' - both KPMG-assured (ISAE (UK) 3000/3410, limited assurance; marked *). Scope 2 market-based is NOT broken out for VMI (the SLL covers Scope 1 + Scope 2 location-based only). find-ghg completed cleanly (37pp, no crash); full text inspected page-by-page and the p.35 VMI breakout confirmed visually.",https://www.libertyglobal.com/wp-content/uploads/2026/06/2025-People-Planet-Progress-Report-v4.pdf,companies/VIRGIN MEDIA IRELAND/Liberty-Global-People-Planet-Progress-Report-2025.pdf
VIRTU FINANCIAL,https://www.virtu.com/,none,,,,,,"No Scope 1/2 disclosure found after exhaustive check (all surfaces live 200): virtu.com map (127 URLs - no sustainability/ESG/CR page; only order-routing Rule 605/606 reports), /about page (no ESG content), ir.virtu.com (65 URLs - only corporate-governance pages, no ESG/CR report), and two web searches (surfaced only a 2019 annual-report CSR section on virtu.com plus unrelated Vertex Pharma reports; the 2024 CR report seen in search is not Virtu's). Public electronic-trading firm; no current Scope 1/2 emissions disclosure.",https://www.virtu.com/about ; https://ir.virtu.com/,
VIRTUSA,https://www.virtusa.com/,pdf,FY2025,1188,91,7992,,"Virtusa Corporation Carbon Reduction Plan (FY25 = fiscal year ended March 2025; latest published edition, confirmed via live scrape + site search), p.3 'Reporting year (FY25) emissions in tCO2e' table, Global column: Scope 1 = 1,187.949 tCO2e; Scope 2 location-based = 7,991.793 tCO2e; Scope 2 market-based = 90.662 tCO2e (recorded rounded to 1188 / 7992 / 91). Global figures are company-wide (a UK-only subset is also shown). Values visually confirmed on rendered page. CRP PDF was 403-blocked to plain curl (Adobe AEM); downloaded successfully with full browser/Sec-Fetch headers and also live-scraped this run.",https://www.virtusa.com/is/content/virtusa/virtusa-carbon-reduction-planpdf?bfc=on,companies/VIRTUSA/Virtusa-Carbon-Reduction-Plan-FY25.pdf
TORY BURCH,https://www.toryburch.com/,none,,,,,,"Site alive (Our Impact / Goals pages scraped this run). Tory Burch's 'Our Impact' pages publish qualitative goals/targets only (e.g. 75% of product purchases from factories with verified Higg FEM data; 'reduce supply chain and operational impact guided by science-aligned standards') - no absolute Scope 1/2 tCO2e figures. No corporate ESG/sustainability report PDF on-domain (only a seasonal marketing 'sustainability' care PDF); a search for a Tory Burch impact report with emissions returned only third-party/aggregator sources (stand.earth scorecard, ditchcarbon). Targets are not reported data per the decision rule.",https://www.toryburch.com/en-us/our-impact/goals ; https://www.toryburch.com/en-us/our-impact,
TRAEGER,https://www.traeger.com/,none,,,,,,"Site alive (homepage scraped this run, 46 KB markdown; map returned only 124 URLs, zero sustainability/ESG/emissions pages). Traeger (private wood-pellet grill maker) publishes no corporate sustainability/ESG report and no Scope 1/2 disclosure; a web search surfaced only a product-level 'Environmental & Social Compliance FAQ' (consumer-product compliance, not corporate emissions) and third-party/aggregator sources.",https://www.traeger.com/,
TRANS UNION,https://www.transunion.com/,pdf,2025,552,27,7761,,"Values from TransUnion 2025 Global Impact Report p.54 (Efficiency performance metrics / GHG Emissions table, 2025 data): Scope 1 = 552, Scope 2 market-based = 27, Scope 2 location-based = 7,761 MT CO2e (= tCO2e); Scope 3 = 206,553. Both bases published; PwC attest-reviewed. Report live-linked from the company's reports-policies hub. Values visually confirmed on the rendered page.",https://www.transunion.com/content/dam/transunion/us/business/documents/2025-Global-Impact-Report-English.pdf (linked from https://www.transunion.com/about-us/responsible-business/reports-policies),companies/TRANS UNION/TransUnion-Global-Impact-Report-2025.pdf
TRANSDIGM INC,https://www.transdigm.com/,screenshot,FY2025,54273,,75749,,"Full-page screenshot of the TransDigm sustainability page; Table 2 (TransDigm Scope 1 and Scope 2 GHG Emissions) shows FY2025: Scope 1 = 54,273 t CO2e, Scope 2 = 75,749 t CO2e, Scope 1+2 = 130,022. Scope 2 basis (market vs location) not stated on the page - recorded under scope2_location and inferred. Figures visually confirmed on the screenshot.",https://www.transdigm.com/community-impact/sustainability,companies/TRANSDIGM INC/TransDigm-scope-1-2-emissions-page.png
TRAVELODGE LIMITED,https://www.travelodge.co.uk/,pdf,2024,17141,,27793,,"Values from Travelodge Better Future Report 2025 (Sustainability Report for the year ended 2024) p.50 (2024 Carbon footprint table): Scope 1 = 17,141, Scope 2 location-based = 27,793 tonnes CO2 (2024 column; 2023 was 18,088 / 27,887). Only location-based Scope 2 published (no market-based column). Report live-linked from the company's sustainability hub, hosted on media.travelodge.co.uk. Values visually confirmed on the rendered page. (travelodge.co.uk main pages have a broken TLS config that blocks Firecrawl/curl scraping; report link re-derived via the /our-business/sustainability/ page which did scrape 200, plus firecrawl search.)",https://media.travelodge.co.uk/image/upload/v1751539059/docs/Better%20Future%20Report%202025.pdf (linked from https://www.travelodge.co.uk/our-business/sustainability/),companies/TRAVELODGE LIMITED/Travelodge-Better-Future-Report-2025.pdf
TRICOR,https://www.vistra.com/,none,,,,,,"Input domain vistra.com is Tricor's parent, Vistra Group (corporate-services firm that acquired Tricor in 2023 - NOT the energy company Vistra Corp/vistracorp.com). Ran full workflow on the parent domain: Vistra Group publishes NO own group Scope 1/2 emissions report on vistra.com (its ESG page markets ESG-reporting services to clients, not its own emissions; map of 1,469 URLs has no corporate-responsibility/sustainability-report page). Ran full workflow on Tricor's own brand site tricorglobal.com: it publishes only an inaugural 'Pathway to Tomorrow: ESG Report 2020' (2020-2021), embedded as an Issuu flipbook with no downloadable PDF and no extractable/indexable text - no newer edition (Tricor folded into Vistra 2023). No absolute Scope 1/2 figures obtainable from parent or subsidiary.",https://www.tricorglobal.com/environmental-social-and-governance-esg ; https://www.vistra.com/corporate/esg-data-analysis-and-risk-management,
TRIPADVISOR,https://www.tripadvisor.com/,none,,,,,,"Site alive (purpose.tripadvisor.com/social-impact and ir.tripadvisor.com both scraped HTTP 200 this run). No Scope 1/2 emissions disclosure found on any Tripadvisor Inc property: main-domain map returned only travel content + trust/safety Transparency Reports; the social-impact page is community/charity-focused; the IR site exposes only corporate-governance pages (no ESG/sustainability section - /corporate-responsibility 404s). Two targeted searches for Tripadvisor Scope 1/2 figures returned only third-party aggregators (ditchcarbon), hotel-industry benchmarks, and unrelated companies. Excluded the tripcdn.com 'Sustainability Report 2024' - that is Trip.com Group, a different company.",https://www.purpose.tripadvisor.com/social-impact ; https://ir.tripadvisor.com,
TSG SOLUTIONS,https://www.tsg-solutions.com/,pdf,2023,28423,,1601,,"Values from TSG Extra-Financial Annual Report 2024 p.17 ('TSG 2023 Carbon footprint data: 229 552 t CO2e'): Scope 1 = 28,423, Scope 2 = 1,601, Scope 3 = 199,527 t CO2e. French thousands-separator '.' - the three components sum to 229,551 ~ the stated 229,552 total, confirming the interpretation. Data year is 2023 (the 2024 annual report carries the 2023 footprint). Single Scope 2 figure, basis (market vs location) not stated - recorded under scope2_location and inferred. Report live-linked from the company's sustainability page; confirmed latest available (2024 Extra-Financial report, published Apr 2025). Values visually confirmed on the rendered page.",https://www.tsg-solutions.com/wp-content/uploads/2026/01/250407-TSG-Extra_Financial_Annual_Report_2024-v6__1.pdf (linked from https://www.tsg-solutions.com/sustainability-our-purpose),companies/TSG SOLUTIONS/TSG-Extra-Financial-Annual-Report-2024.pdf
ULTIMATE SOFTWARE,https://www.ukg.com/,pdf,FY2025,928,7596,7349,,"Ultimate Software is now part of UKG (Ultimate Kronos Group - 2020 merger of Ultimate Software + Kronos); figures are group-level UKG. Values from UKG FY25 Assurance Statement (Apex Companies, limited verification; period Oct 1, 2024-Sep 30, 2025) p.1: Scope 1 = 928, Scope 2 location-based = 7,349, Scope 2 market-based = 7,596 metric tons CO2e. FY25 assurance URL derived live from the 'independent-accountant-review-emissions' page (rawHtml). FY24 Global Impact Report also collected for context (FY24 p.25: Scope 1 = 1,189, S2 location = 8,050, S2 market = 8,338 - note the IAR/GIR text extraction was column-shifted; values taken from the rendered performance table). Latest-year (FY25) values visually confirmed on the rendered page.",https://www.ukg.com/sites/default/files/2026-04/UKG-FY25-Assurance-Statement.pdf (linked from https://www.ukg.com/independent-accountant-review-emissions) ; https://www.ukg.com/sites/default/files/2025-10/FY24_MC006-GlobalImpactReport_ResourcePDF.pdf,companies/ULTIMATE SOFTWARE/UKG-FY25-Assurance-Statement.pdf ; companies/ULTIMATE SOFTWARE/UKG-Global-Impact-Report-FY24.pdf
UNITED AIRLINES,https://www.united.com/,pdf,2024,38520027,134497,160208,,"Values from United Airlines 2025 CDP Climate Change Response, sections 7.6/7.7 (~p.132), reporting year 2024 (period 01/01/2024-12/31/2024): gross global Scope 1 = 38,520,027; Scope 2 location-based = 160,208; Scope 2 market-based = 134,497 metric tons CO2e (Scope 1 dominated by jet fuel). Values from CDP structured single-value fields. CDP response live-linked from United's Corporate Impact Report 2025 environmental page, hosted on media.united.com.",https://media.united.com/assets/m/6231cb488b798dc8/original/United-Airlines-2025-CDP-Response.pdf (linked from https://crreport.united.com/environmental-sustainability/),companies/UNITED AIRLINES/United-Airlines-2025-CDP-Response.pdf
WILSONART,https://www.wilsonart.com/,pdf,2023,112617,51469,,,"2023 Sustainability Report, Environmental Data Appendix (YEAR 2023 column): Global Scope 1 112,617 mtCO2e; Scope 2 (market-based, with RECs) 51,469 mtCO2e - no location-based figure published; mtCO2e = tCO2e. Reports the split (Scope 2 market-only). Confirmed latest available: wilsonart.com/sustainability live-scraped this run presents the 2023 report as 'our latest'; search for a 2024/2025 report found none. Raw PDF blocked by AWS ELB WAF (403) to every direct client tried (curl UA/browser-headers/cookie-jar and PowerShell .NET); report content obtained via Firecrawl scrape of the company's own PDF URL.",https://www.wilsonart.com/media/Technical_Resources/en/wilsonart_sustainability_report_2023.pdf (hub: https://www.wilsonart.com/sustainability),
WINDSTREAM,https://www.windstream.com/,pdf,,,,,,"Windstream merged with Uniti Group (2025) and now reports under Uniti; its investor ESG page (investor.windstream.com/.../ESG-Report, scraped live this run) links only to Uniti's ESG hub. Collected Uniti's latest group ESG report (2024 ESG Report, published 3/17/25) from the live Uniti ESG hub. Full-text grep for 'Windstream' and 'Kinetic' across all 17 pages = 0 hits - the report is Uniti-standalone (pre-merger), states '2024 is Uniti's second year to disclose scope 1 & 2', and has no Windstream/Kinetic breakout. Windstream's last standalone ESG report was 2021. Value cells left empty (no Windstream-specific figures).",https://investor.uniti.com/static-files/71aa0a22-afe1-4635-a623-4b095b532abe (hub: https://investor.uniti.com/esg-reports),companies/WINDSTREAM/WINDSTREAM-Uniti-2024-ESG-Report.pdf
WOOD MACKENZIE,https://www.woodmac.com/,pdf,2024,359,570,763,,"ESG Report 2025, 'Wood Mackenzie's emissions data 2024' table p.8 (tCO2e). Scope 1 359 (location and market identical); Scope 2 location-based 763; Scope 2 market-based 570. Reports the split. Newest report (ESG Report 2025) confirmed vs older CSR Report 2024; report URL live-derived from woodmac.com search + esg-for-energy hub.",https://www.woodmac.com/siteassets/terms/wm-esg-report-2025.pdf (hub: https://www.woodmac.com/nslp/esg-for-energy/),companies/WOOD MACKENZIE/WOOD-MACKENZIE-ESG-Report-2025.pdf
WORKDAY,https://www.workday.com/,pdf,FY2025,2584,0,82365,,"2025 Workday Global Impact Report, Performance Tables p.114 (metric tons CO2e = tCO2e), FY25 column. Total Scope 1 2,584; Scope 2 location-based 82,365; Scope 2 market-based 0 (100% renewable electricity). Reports the split. PDF from live sustainability page.",https://www.workday.com/content/dam/web/en-us/documents/other/workday-global-impact-report.pdf (hub: https://www.workday.com/en-us/company/corporate-responsibility/sustainability.html),companies/WORKDAY/WORKDAY-Global-Impact-Report.pdf
WORLDPAY,https://www.worldpay.com/,pdf,2023,273.98,606.57,,,"UK Carbon Reduction Plan (PPN 06/21 / SECR), Reporting Year 2023 (tCO2e). Scope 1 273.98; Scope 2 market-based 606.57; Scope 3 'to be determined'. UK operations only (Worldpay International Group Ltd, post-FIS separation Feb 2024); no location-based Scope 2. Reports the split. Raw PDF host (corporate.worldpay.com/static-files) blocks direct download from this machine (curl timeout/connection-reset, PowerShell timeout); content obtained via Firecrawl scrape of the company's own static-file URL, linked from the live corporate-citizenship page.",https://corporate.worldpay.com/static-files/a298f182-d7f8-44c7-bf08-f8445e7466dc (hub: https://corporate.worldpay.com/governance/corporate-citizenship),
XELLA,https://www.xella.com/,pdf,2025,179161,53179,58315,,"Xella Group Sustainability Report 2025, Key sustainability figures p.30 (tCO2e, independently assured), 2025 column. Scope 1 179,161; Scope 2 market-based 53,179; Scope 2 location-based 58,315 (Total Scope 1+2 market 232,340). Reports the split. Latest edition on the live downloads page.",https://storefrontapi.commerce.xella.com/occ/v2/xi/catalogs/xiContentCatalog/versions/Online/xellamedia/Xella%20Sustainability%20Report%202025 (hub: https://www.xella.com/en_US/sustainability/downloads),companies/XELLA/XELLA-Sustainability-Report-2025.pdf
XSYS,https://www.xsysglobal.com/,none,,,,,,"XSYS (flexographic plates, SME) earned a CDP Climate Change score of B (press release 3 Feb 2026) - so it discloses Scope 1/2 to CDP - but publishes no absolute Scope 1/2 figures on its own site. Live scrapes this run of xsysglobal.com (sustainability tag, download area, CDP-rating news) plus a web search surfaced only news/PR pages and product downloads; no sustainability report or GHG data table. Collected the CDP-score press release as the only on-domain ESG artifact (no absolute tonnes in it). Site confirmed alive (multiple successful live scrapes).",https://xsysglobal.com/xsys-earns-top-cdp-climate-rating-in-sme-category/,companies/XSYS/XSYS-CDP-Climate-Score-B-PR-2026.pdf
YOUR.WORLD,https://your.world/,none,,,,,,"your.world is an investment holding company (rebranded from Strikwerda Investments; parent of digital-services brands incl. team.blue). Its complete 32-URL sitemap (about, board, executive team, brands, financing press releases) contains no sustainability/ESG/climate/emissions page. Homepage and about-us live-scraped this run (site confirmed alive); web search found no ESG disclosure on your.world. No Scope 1/2 figures published by the holding entity. Operating subsidiary team.blue may report separately but is not the assigned entity.",https://your.world/ ; https://your.world/about-us,
ZAYO,https://www.zayo.com/,pdf,2024,14698,0,66376,,"2024 GHG Report (Lucideon/CDP-assured), Global Emissions Totals by Scope p.3 (mtCO2e = tCO2e). Scope 1 location-based 14,698 (market-based 7,898 after RECs); Scope 2 location-based 66,376; Scope 2 market-based 0 (after RECs/offsets). Reports the split (also gives combined Scope 1+2 location 81,074 - split recorded per policy). Confirmed latest: report states its 2025 inventory is not verified until June 2026; hub (zayo.com/about/sustainability) scraped live this run.",https://www.zayo.com/wp-content/uploads/2024-GHG-Report.public.pdf (hub: https://www.zayo.com/about/sustainability),companies/ZAYO/ZAYO-GHG-Report-2024.pdf
ZENTIVA,https://www.zentiva.com/,pdf,2025,14929,10219,33028,,"Sustainability Report 2025, GHG Data Scope 1 and 2 table p.60 (tonnes CO2e = tCO2e), 2025 column. Scope 1 (direct) 14,929; Scope 2 market-based 10,219; Scope 2 location-based 33,028 (Total Scopes 1&2 market 25,148). Reports the split. Latest edition on the live sustainability-report page.",https://www.zentiva.com/-/media/Project/zentiva/zentiva/files/COM/sustainability/2025-Sustainability-Report.pdf (hub: https://www.zentiva.com/our-impact/sustainability-report),companies/ZENTIVA/ZENTIVA-Sustainability-Report-2025.pdf
VISTRA ZERO,https://www.vistracorp.com/vistra-zero/,pdf,2025,92602549,183382,237522,,"Values from Vistra's assured 2025 Statement of GHG Emissions (year ended Dec 31 2025), p.1 (visually confirmed): Scope 1 = 92,602,549; Scope 2 location-based = 237,522; Scope 2 market-based = 183,382 metric tons CO2e; cross-confirmed in the 3-year GHG inventory table, Sustainability Report Appendix p.2. Vistra Zero is Vistra Corp's zero-carbon generation segment/brand on vistracorp.com - no standalone Vistra Zero reporting exists, so figures are enterprise-wide Vistra Corp (Scope 1 is dominated by the fossil fleet). pdftotext row-shift observed in the appendix table but the GHG Statement p.1 gives the definitive mapping. Limited assurance by Deloitte.",https://vistracorp.com/documents/sustainability/reporting-year/2025/Vistra%20GHG%20Review%20Report%202025%20With%20Opinion.pdf ; https://vistracorp.com/documents/sustainability/reporting-year/2025/VST-Sustainability-Report-Appendix-2025.pdf ; https://vistracorp.com/documents/sustainability/reporting-year/2025/VST-sustainability-report-2025.pdf,companies/VISTRA ZERO/Vistra-GHG-Review-Report-2025.pdf ; companies/VISTRA ZERO/Vistra-Sustainability-Report-Appendix-2025.pdf ; companies/VISTRA ZERO/Vistra-Sustainability-Report-2025.pdf
VIVID SEATS,https://www.vividseats.com/,none,,,,,,"Latest disclosure is the '2026 Corporate Responsibility & Governance Snapshot' (year ended 12/31/25), hosted on investors.vividseats.com/esg. Full PDF retrieved and read via Firecrawl (contentType application/pdf): its Sustainability Initiatives section is qualitative only (waste reduction, recycling, e-waste) with NO absolute Scope 1/2 figures. Per its 2024 ESG press release, Vivid Seats began measuring Scope 1/2 in 2023 but does not publish the tonnes. Raw PDF download was bot-blocked (Q4 static-files host reset/timeout via curl and python); content nonetheless verified via Firecrawl. Site alive.",https://investors.vividseats.com/esg ; https://investors.vividseats.com/static-files/fe43bf27-9d9d-4b4b-b524-5226d3d3b925,
WARNER MUSIC GROUP,https://www.wmg.com/,pdf,2025,2249,,6599,,"WMG Impact Report 2025 (FY2025), Scope 1 & 2 emissions chart p.37 (visually confirmed; also historical table p.25-26): FY2025 Scope 1 = 2,249, Scope 2 = 6,599, total 8,848 mtCO2e (=tCO2e). Report presents a single Scope 2 figure; market/location basis is not stated anywhere in the report (full-text checked) - recorded under scope2_location as inferred. Scope 1&2 results have limited assurance.",https://www.wmg.com/wp-content/uploads/2026/02/WMG_2025_Impact_Report.pdf,companies/WARNER MUSIC GROUP/WMG-Impact-Report-2025.pdf
WASSERMAN,https://www.teamwass.com/,pdf,,,,,,"Input domain teamwass.com 301-redirects to the.team (Wasserman's current brand site; report footer HQ '10900 Wilshire Blvd, Suite 1200, Los Angeles' confirms same company). Their Climate-Related Financial Risk Report (updated 20.03.2026, from live scrape of the.team/about/impact/environmental-sustainability/) is a forward-looking climate-risk FRAMEWORK - targets, metrics framework, governance - with NO absolute Scope 1/2 figures. It explicitly states targets will be refined 'once THE.TEAM completes its full emissions baseline'. Full 22-page scan: find-ghg-pages verdict KEYWORDS_ONLY (Scope 1/2 mentioned only on pp.17/19 within targets/metrics framework); pp.19-20 read visually. No figures published.",https://the.team/wp-content/uploads/2026/03/TheTeam-Climate-Related-Financial-Risk-Report_-UPDATED-20.03.2026.pdf ; https://the.team/about/impact/environmental-sustainability/,companies/WASSERMAN/Wasserman-Climate-Related-Financial-Risk-Report-2026.pdf
WEBER STEPHEN PRODUCTS LLC,https://www.weber.com/,none,,,,,,"Weber-Stephen Products (privately held, BDT Capital). weber.com is a product/e-commerce site: full map (2,995 URLs) contains no sustainability/ESG/environment/climate/responsibility page; firecrawl search found no corporate Scope 1/2 report (only a product-level pellet-fuel carbon-neutrality claim, not corporate GHG). Homepage alive (301 to /US/en/home/, 200). No corporate Scope 1/2 disclosure published.",https://www.weber.com/,
WELLA,https://www.wellacompany.com/,pdf,2025,12521,4319,13607,,"Wella Company ESG Report (fiscal year ended June 30 2025). Figures on p.8 and the Deloitte limited-assurance appendix p.31 (visually confirmed): Scope 1 = 12,521; Scope 2 location-based = 13,607; Scope 2 market-based = 4,319 tCO2e (Swiss apostrophe thousands-separators converted). Assured entity 'Wella International Operations Switzerland SARL' / Rainbow Midco Ltd = Wella group consolidated; p.8 presents these as the Wella Company footprint. Exact, third-party assured. (Wella California Climate Disclosure PDF also collected but is an SB253 compliance placeholder with no figures.)",https://www.wellacompany.com/sites/default/files/2026-05/Wella%20Company%20ESG%20Report.pdf,companies/WELLA/Wella-ESG-Report.pdf ; companies/WELLA/Wella-California-Climate-Disclosure.pdf
WELLS FARGO AM,https://www.allspringglobal.com/,pdf,2025,191,486,479,,"Wells Fargo Asset Management rebranded to Allspring Global Investments (input already on allspringglobal.com). Allspring 2025 TCFD Report p.24, 'Corporate greenhouse gas metrics - across 17 Allspring global sites' (visually confirmed): 2025 Scope 1 = 191; Scope 2 location-based = 479; Scope 2 = 486 tCO2e labelled 'advanced grid study' (hourly grid-matched - Allspring's market-based-equivalent, not standard contractual market-based) - recorded under scope2_market with that caveat. Report link confirmed live on allspringglobal.com/capabilities/sustainable-investing; PDF was JS/bot-gated to curl, downloaded with browser UA + Referer.",https://www.allspringglobal.com/globalassets/assets/public/pdf/corporate/allspring-task-force-on-climate-related-financial-disclosures.pdf,companies/WELLS FARGO AM/Allspring-TCFD-Report-2025.pdf
WESTJET,https://www.westjet.com/,none,,,,,,"WestJet (Onex-owned, private). Environment page (westjet.com/en-ca/who-we-are/environment, scraped live) is narrative only - SAF, winglets, LEED offices, federal carbon charges - with NO absolute Scope 1/2 figures. Full map (2,999 URLs) has no sustainability/ESG report PDF; the only PDF is a Modern Slavery statement ('CAN-UK Statement and Report 2025', verified as forced-labour content, NOT a GHG report - a prior collection attempt mislabeled it as a carbon statement). Firecrawl search surfaced only older 2nd/3rd sustainability reports (~2020-21) via third-party press releases, none hosted on the live westjet.com. Site alive. No current absolute Scope 1/2 disclosure on the company's own site.",https://www.westjet.com/en-ca/who-we-are/environment,
WHATABURGER,https://whataburger.com/,none,,,,,,"Whataburger (privately held, BDT Capital). whataburger.com map returns only 14 operational URLs (menu/careers/locations/company-portals/community) with no ESG/sustainability/environment page; homepage scraped successfully (site alive); two firecrawl searches found no Whataburger-owned sustainability/ESG report (only third-party brand-score aggregators, which are excluded). No Scope 1/2 disclosure published.",https://whataburger.com/,
WIDE OPEN WEST,https://www.wowway.com/,none,,,,,,"WideOpenWest (formerly NYSE: WOW) published an inaugural ESG report in 2022 and sustainability press releases, but was taken PRIVATE by DigitalBridge/Crestview on Dec 31 2025. Its investor site ir.wowway.com now returns 403 (decommissioned) and the ESG report is no longer hosted on any live company-owned source. Consumer site wowway.com is alive but hosts only press-release PDFs on its CDN (no ESG report). Only banned aggregator copies (responsibilityreports.com/annualreports.com) exist. No accessible company-source evidence, and any surviving report (2022) is stale.",https://www.wowway.com/ ; https://ir.wowway.com/,
